ISO-10303-21;
HEADER;
FILE_DESCRIPTION(('FreeCAD Model'),'2;1');
FILE_NAME('Open CASCADE Shape Model','2026-07-28T08:44:14',('FreeCAD'),(
    'FreeCAD'),'Open CASCADE STEP processor 7.8','FreeCAD','Unknown');
FILE_SCHEMA(('AUTOMOTIVE_DESIGN { 1 0 10303 214 1 1 1 1 }'));
ENDSEC;
DATA;
#1 = APPLICATION_PROTOCOL_DEFINITION('international standard',
  'automotive_design',2000,#2);
#2 = APPLICATION_CONTEXT(
  'core data for automotive mechanical design processes');
#3 = SHAPE_DEFINITION_REPRESENTATION(#4,#10);
#4 = PRODUCT_DEFINITION_SHAPE('','',#5);
#5 = PRODUCT_DEFINITION('design','',#6,#9);
#6 = PRODUCT_DEFINITION_FORMATION('','',#7);
#7 = PRODUCT('Open CASCADE STEP translator 7.8 5',
  'Open CASCADE STEP translator 7.8 5','',(#8));
#8 = PRODUCT_CONTEXT('',#2,'mechanical');
#9 = PRODUCT_DEFINITION_CONTEXT('part definition',#2,'design');
#10 = SHAPE_REPRESENTATION('',(#11,#15,#321,#471,#777,#927,#1233,#1383,
    #2109,#2259,#2409,#2559,#2709,#2859),#3009);
#11 = AXIS2_PLACEMENT_3D('',#12,#13,#14);
#12 = CARTESIAN_POINT('',(0.,0.,0.));
#13 = DIRECTION('',(0.,0.,1.));
#14 = DIRECTION('',(1.,0.,-0.));
#15 = MANIFOLD_SOLID_BREP('',#16);
#16 = CLOSED_SHELL('',(#17,#57,#88,#156,#180,#241,#253,#270,#287,#304));
#17 = ADVANCED_FACE('',(#18),#52,.F.);
#18 = FACE_BOUND('',#19,.F.);
#19 = EDGE_LOOP('',(#20,#30,#38,#46));
#20 = ORIENTED_EDGE('',*,*,#21,.F.);
#21 = EDGE_CURVE('',#22,#24,#26,.T.);
#22 = VERTEX_POINT('',#23);
#23 = CARTESIAN_POINT('',(-63.5,-63.5,0.));
#24 = VERTEX_POINT('',#25);
#25 = CARTESIAN_POINT('',(-63.5,-63.5,9.525));
#26 = LINE('',#27,#28);
#27 = CARTESIAN_POINT('',(-63.5,-63.5,0.));
#28 = VECTOR('',#29,1.);
#29 = DIRECTION('',(0.,0.,1.));
#30 = ORIENTED_EDGE('',*,*,#31,.T.);
#31 = EDGE_CURVE('',#22,#32,#34,.T.);
#32 = VERTEX_POINT('',#33);
#33 = CARTESIAN_POINT('',(-63.5,139.7,0.));
#34 = LINE('',#35,#36);
#35 = CARTESIAN_POINT('',(-63.5,-63.5,0.));
#36 = VECTOR('',#37,1.);
#37 = DIRECTION('',(0.,1.,0.));
#38 = ORIENTED_EDGE('',*,*,#39,.T.);
#39 = EDGE_CURVE('',#32,#40,#42,.T.);
#40 = VERTEX_POINT('',#41);
#41 = CARTESIAN_POINT('',(-63.5,139.7,9.525));
#42 = LINE('',#43,#44);
#43 = CARTESIAN_POINT('',(-63.5,139.7,0.));
#44 = VECTOR('',#45,1.);
#45 = DIRECTION('',(0.,0.,1.));
#46 = ORIENTED_EDGE('',*,*,#47,.F.);
#47 = EDGE_CURVE('',#24,#40,#48,.T.);
#48 = LINE('',#49,#50);
#49 = CARTESIAN_POINT('',(-63.5,-63.5,9.525));
#50 = VECTOR('',#51,1.);
#51 = DIRECTION('',(0.,1.,0.));
#52 = PLANE('',#53);
#53 = AXIS2_PLACEMENT_3D('',#54,#55,#56);
#54 = CARTESIAN_POINT('',(-63.5,-63.5,0.));
#55 = DIRECTION('',(1.,0.,0.));
#56 = DIRECTION('',(0.,0.,1.));
#57 = ADVANCED_FACE('',(#58),#83,.F.);
#58 = FACE_BOUND('',#59,.F.);
#59 = EDGE_LOOP('',(#60,#68,#69,#77));
#60 = ORIENTED_EDGE('',*,*,#61,.F.);
#61 = EDGE_CURVE('',#22,#62,#64,.T.);
#62 = VERTEX_POINT('',#63);
#63 = CARTESIAN_POINT('',(139.7,-63.5,0.));
#64 = LINE('',#65,#66);
#65 = CARTESIAN_POINT('',(-63.5,-63.5,0.));
#66 = VECTOR('',#67,1.);
#67 = DIRECTION('',(1.,0.,0.));
#68 = ORIENTED_EDGE('',*,*,#21,.T.);
#69 = ORIENTED_EDGE('',*,*,#70,.T.);
#70 = EDGE_CURVE('',#24,#71,#73,.T.);
#71 = VERTEX_POINT('',#72);
#72 = CARTESIAN_POINT('',(139.7,-63.5,9.525));
#73 = LINE('',#74,#75);
#74 = CARTESIAN_POINT('',(-63.5,-63.5,9.525));
#75 = VECTOR('',#76,1.);
#76 = DIRECTION('',(1.,0.,0.));
#77 = ORIENTED_EDGE('',*,*,#78,.F.);
#78 = EDGE_CURVE('',#62,#71,#79,.T.);
#79 = LINE('',#80,#81);
#80 = CARTESIAN_POINT('',(139.7,-63.5,0.));
#81 = VECTOR('',#82,1.);
#82 = DIRECTION('',(0.,0.,1.));
#83 = PLANE('',#84);
#84 = AXIS2_PLACEMENT_3D('',#85,#86,#87);
#85 = CARTESIAN_POINT('',(-63.5,-63.5,0.));
#86 = DIRECTION('',(0.,1.,0.));
#87 = DIRECTION('',(0.,0.,1.));
#88 = ADVANCED_FACE('',(#89,#107,#118,#129,#140),#151,.T.);
#89 = FACE_BOUND('',#90,.T.);
#90 = EDGE_LOOP('',(#91,#92,#93,#101));
#91 = ORIENTED_EDGE('',*,*,#47,.F.);
#92 = ORIENTED_EDGE('',*,*,#70,.T.);
#93 = ORIENTED_EDGE('',*,*,#94,.T.);
#94 = EDGE_CURVE('',#71,#95,#97,.T.);
#95 = VERTEX_POINT('',#96);
#96 = CARTESIAN_POINT('',(139.7,139.7,9.525));
#97 = LINE('',#98,#99);
#98 = CARTESIAN_POINT('',(139.7,-63.5,9.525));
#99 = VECTOR('',#100,1.);
#100 = DIRECTION('',(0.,1.,0.));
#101 = ORIENTED_EDGE('',*,*,#102,.F.);
#102 = EDGE_CURVE('',#40,#95,#103,.T.);
#103 = LINE('',#104,#105);
#104 = CARTESIAN_POINT('',(-63.5,139.7,9.525));
#105 = VECTOR('',#106,1.);
#106 = DIRECTION('',(1.,0.,0.));
#107 = FACE_BOUND('',#108,.T.);
#108 = EDGE_LOOP('',(#109));
#109 = ORIENTED_EDGE('',*,*,#110,.F.);
#110 = EDGE_CURVE('',#111,#111,#113,.T.);
#111 = VERTEX_POINT('',#112);
#112 = CARTESIAN_POINT('',(-31.75,-38.1,9.525));
#113 = CIRCLE('',#114,6.35);
#114 = AXIS2_PLACEMENT_3D('',#115,#116,#117);
#115 = CARTESIAN_POINT('',(-38.1,-38.1,9.525));
#116 = DIRECTION('',(0.,0.,1.));
#117 = DIRECTION('',(1.,0.,0.));
#118 = FACE_BOUND('',#119,.T.);
#119 = EDGE_LOOP('',(#120));
#120 = ORIENTED_EDGE('',*,*,#121,.F.);
#121 = EDGE_CURVE('',#122,#122,#124,.T.);
#122 = VERTEX_POINT('',#123);
#123 = CARTESIAN_POINT('',(120.65,-38.1,9.525));
#124 = CIRCLE('',#125,6.35);
#125 = AXIS2_PLACEMENT_3D('',#126,#127,#128);
#126 = CARTESIAN_POINT('',(114.3,-38.1,9.525));
#127 = DIRECTION('',(0.,0.,1.));
#128 = DIRECTION('',(1.,0.,0.));
#129 = FACE_BOUND('',#130,.T.);
#130 = EDGE_LOOP('',(#131));
#131 = ORIENTED_EDGE('',*,*,#132,.F.);
#132 = EDGE_CURVE('',#133,#133,#135,.T.);
#133 = VERTEX_POINT('',#134);
#134 = CARTESIAN_POINT('',(-31.75,114.3,9.525));
#135 = CIRCLE('',#136,6.35);
#136 = AXIS2_PLACEMENT_3D('',#137,#138,#139);
#137 = CARTESIAN_POINT('',(-38.1,114.3,9.525));
#138 = DIRECTION('',(0.,0.,1.));
#139 = DIRECTION('',(1.,0.,0.));
#140 = FACE_BOUND('',#141,.T.);
#141 = EDGE_LOOP('',(#142));
#142 = ORIENTED_EDGE('',*,*,#143,.F.);
#143 = EDGE_CURVE('',#144,#144,#146,.T.);
#144 = VERTEX_POINT('',#145);
#145 = CARTESIAN_POINT('',(120.65,114.3,9.525));
#146 = CIRCLE('',#147,6.35);
#147 = AXIS2_PLACEMENT_3D('',#148,#149,#150);
#148 = CARTESIAN_POINT('',(114.3,114.3,9.525));
#149 = DIRECTION('',(0.,0.,1.));
#150 = DIRECTION('',(1.,0.,0.));
#151 = PLANE('',#152);
#152 = AXIS2_PLACEMENT_3D('',#153,#154,#155);
#153 = CARTESIAN_POINT('',(-63.5,-63.5,9.525));
#154 = DIRECTION('',(0.,0.,1.));
#155 = DIRECTION('',(1.,0.,0.));
#156 = ADVANCED_FACE('',(#157),#175,.T.);
#157 = FACE_BOUND('',#158,.T.);
#158 = EDGE_LOOP('',(#159,#167,#168,#169));
#159 = ORIENTED_EDGE('',*,*,#160,.F.);
#160 = EDGE_CURVE('',#32,#161,#163,.T.);
#161 = VERTEX_POINT('',#162);
#162 = CARTESIAN_POINT('',(139.7,139.7,0.));
#163 = LINE('',#164,#165);
#164 = CARTESIAN_POINT('',(-63.5,139.7,0.));
#165 = VECTOR('',#166,1.);
#166 = DIRECTION('',(1.,0.,0.));
#167 = ORIENTED_EDGE('',*,*,#39,.T.);
#168 = ORIENTED_EDGE('',*,*,#102,.T.);
#169 = ORIENTED_EDGE('',*,*,#170,.F.);
#170 = EDGE_CURVE('',#161,#95,#171,.T.);
#171 = LINE('',#172,#173);
#172 = CARTESIAN_POINT('',(139.7,139.7,0.));
#173 = VECTOR('',#174,1.);
#174 = DIRECTION('',(0.,0.,1.));
#175 = PLANE('',#176);
#176 = AXIS2_PLACEMENT_3D('',#177,#178,#179);
#177 = CARTESIAN_POINT('',(-63.5,139.7,0.));
#178 = DIRECTION('',(0.,1.,0.));
#179 = DIRECTION('',(0.,0.,1.));
#180 = ADVANCED_FACE('',(#181,#192,#203,#214,#225),#236,.F.);
#181 = FACE_BOUND('',#182,.F.);
#182 = EDGE_LOOP('',(#183,#184,#185,#191));
#183 = ORIENTED_EDGE('',*,*,#31,.F.);
#184 = ORIENTED_EDGE('',*,*,#61,.T.);
#185 = ORIENTED_EDGE('',*,*,#186,.T.);
#186 = EDGE_CURVE('',#62,#161,#187,.T.);
#187 = LINE('',#188,#189);
#188 = CARTESIAN_POINT('',(139.7,-63.5,0.));
#189 = VECTOR('',#190,1.);
#190 = DIRECTION('',(0.,1.,0.));
#191 = ORIENTED_EDGE('',*,*,#160,.F.);
#192 = FACE_BOUND('',#193,.F.);
#193 = EDGE_LOOP('',(#194));
#194 = ORIENTED_EDGE('',*,*,#195,.F.);
#195 = EDGE_CURVE('',#196,#196,#198,.T.);
#196 = VERTEX_POINT('',#197);
#197 = CARTESIAN_POINT('',(-31.75,-38.1,0.));
#198 = CIRCLE('',#199,6.35);
#199 = AXIS2_PLACEMENT_3D('',#200,#201,#202);
#200 = CARTESIAN_POINT('',(-38.1,-38.1,0.));
#201 = DIRECTION('',(0.,0.,1.));
#202 = DIRECTION('',(1.,0.,0.));
#203 = FACE_BOUND('',#204,.F.);
#204 = EDGE_LOOP('',(#205));
#205 = ORIENTED_EDGE('',*,*,#206,.F.);
#206 = EDGE_CURVE('',#207,#207,#209,.T.);
#207 = VERTEX_POINT('',#208);
#208 = CARTESIAN_POINT('',(120.65,-38.1,0.));
#209 = CIRCLE('',#210,6.35);
#210 = AXIS2_PLACEMENT_3D('',#211,#212,#213);
#211 = CARTESIAN_POINT('',(114.3,-38.1,0.));
#212 = DIRECTION('',(0.,0.,1.));
#213 = DIRECTION('',(1.,0.,0.));
#214 = FACE_BOUND('',#215,.F.);
#215 = EDGE_LOOP('',(#216));
#216 = ORIENTED_EDGE('',*,*,#217,.F.);
#217 = EDGE_CURVE('',#218,#218,#220,.T.);
#218 = VERTEX_POINT('',#219);
#219 = CARTESIAN_POINT('',(-31.75,114.3,0.));
#220 = CIRCLE('',#221,6.35);
#221 = AXIS2_PLACEMENT_3D('',#222,#223,#224);
#222 = CARTESIAN_POINT('',(-38.1,114.3,0.));
#223 = DIRECTION('',(0.,0.,1.));
#224 = DIRECTION('',(1.,0.,0.));
#225 = FACE_BOUND('',#226,.F.);
#226 = EDGE_LOOP('',(#227));
#227 = ORIENTED_EDGE('',*,*,#228,.F.);
#228 = EDGE_CURVE('',#229,#229,#231,.T.);
#229 = VERTEX_POINT('',#230);
#230 = CARTESIAN_POINT('',(120.65,114.3,0.));
#231 = CIRCLE('',#232,6.35);
#232 = AXIS2_PLACEMENT_3D('',#233,#234,#235);
#233 = CARTESIAN_POINT('',(114.3,114.3,0.));
#234 = DIRECTION('',(0.,0.,1.));
#235 = DIRECTION('',(1.,0.,0.));
#236 = PLANE('',#237);
#237 = AXIS2_PLACEMENT_3D('',#238,#239,#240);
#238 = CARTESIAN_POINT('',(-63.5,-63.5,0.));
#239 = DIRECTION('',(0.,0.,1.));
#240 = DIRECTION('',(1.,0.,0.));
#241 = ADVANCED_FACE('',(#242),#248,.T.);
#242 = FACE_BOUND('',#243,.T.);
#243 = EDGE_LOOP('',(#244,#245,#246,#247));
#244 = ORIENTED_EDGE('',*,*,#78,.F.);
#245 = ORIENTED_EDGE('',*,*,#186,.T.);
#246 = ORIENTED_EDGE('',*,*,#170,.T.);
#247 = ORIENTED_EDGE('',*,*,#94,.F.);
#248 = PLANE('',#249);
#249 = AXIS2_PLACEMENT_3D('',#250,#251,#252);
#250 = CARTESIAN_POINT('',(139.7,-63.5,0.));
#251 = DIRECTION('',(1.,0.,0.));
#252 = DIRECTION('',(0.,0.,1.));
#253 = ADVANCED_FACE('',(#254),#265,.F.);
#254 = FACE_BOUND('',#255,.F.);
#255 = EDGE_LOOP('',(#256,#257,#263,#264));
#256 = ORIENTED_EDGE('',*,*,#110,.F.);
#257 = ORIENTED_EDGE('',*,*,#258,.F.);
#258 = EDGE_CURVE('',#196,#111,#259,.T.);
#259 = LINE('',#260,#261);
#260 = CARTESIAN_POINT('',(-31.75,-38.1,-5.));
#261 = VECTOR('',#262,1.);
#262 = DIRECTION('',(0.,0.,1.));
#263 = ORIENTED_EDGE('',*,*,#195,.T.);
#264 = ORIENTED_EDGE('',*,*,#258,.T.);
#265 = CYLINDRICAL_SURFACE('',#266,6.35);
#266 = AXIS2_PLACEMENT_3D('',#267,#268,#269);
#267 = CARTESIAN_POINT('',(-38.1,-38.1,-5.));
#268 = DIRECTION('',(0.,0.,1.));
#269 = DIRECTION('',(1.,0.,0.));
#270 = ADVANCED_FACE('',(#271),#282,.F.);
#271 = FACE_BOUND('',#272,.F.);
#272 = EDGE_LOOP('',(#273,#274,#280,#281));
#273 = ORIENTED_EDGE('',*,*,#121,.F.);
#274 = ORIENTED_EDGE('',*,*,#275,.F.);
#275 = EDGE_CURVE('',#207,#122,#276,.T.);
#276 = LINE('',#277,#278);
#277 = CARTESIAN_POINT('',(120.65,-38.1,-5.));
#278 = VECTOR('',#279,1.);
#279 = DIRECTION('',(0.,0.,1.));
#280 = ORIENTED_EDGE('',*,*,#206,.T.);
#281 = ORIENTED_EDGE('',*,*,#275,.T.);
#282 = CYLINDRICAL_SURFACE('',#283,6.35);
#283 = AXIS2_PLACEMENT_3D('',#284,#285,#286);
#284 = CARTESIAN_POINT('',(114.3,-38.1,-5.));
#285 = DIRECTION('',(0.,0.,1.));
#286 = DIRECTION('',(1.,0.,0.));
#287 = ADVANCED_FACE('',(#288),#299,.F.);
#288 = FACE_BOUND('',#289,.F.);
#289 = EDGE_LOOP('',(#290,#291,#297,#298));
#290 = ORIENTED_EDGE('',*,*,#132,.F.);
#291 = ORIENTED_EDGE('',*,*,#292,.F.);
#292 = EDGE_CURVE('',#218,#133,#293,.T.);
#293 = LINE('',#294,#295);
#294 = CARTESIAN_POINT('',(-31.75,114.3,-5.));
#295 = VECTOR('',#296,1.);
#296 = DIRECTION('',(0.,0.,1.));
#297 = ORIENTED_EDGE('',*,*,#217,.T.);
#298 = ORIENTED_EDGE('',*,*,#292,.T.);
#299 = CYLINDRICAL_SURFACE('',#300,6.35);
#300 = AXIS2_PLACEMENT_3D('',#301,#302,#303);
#301 = CARTESIAN_POINT('',(-38.1,114.3,-5.));
#302 = DIRECTION('',(0.,0.,1.));
#303 = DIRECTION('',(1.,0.,0.));
#304 = ADVANCED_FACE('',(#305),#316,.F.);
#305 = FACE_BOUND('',#306,.F.);
#306 = EDGE_LOOP('',(#307,#308,#314,#315));
#307 = ORIENTED_EDGE('',*,*,#143,.F.);
#308 = ORIENTED_EDGE('',*,*,#309,.F.);
#309 = EDGE_CURVE('',#229,#144,#310,.T.);
#310 = LINE('',#311,#312);
#311 = CARTESIAN_POINT('',(120.65,114.3,-5.));
#312 = VECTOR('',#313,1.);
#313 = DIRECTION('',(0.,0.,1.));
#314 = ORIENTED_EDGE('',*,*,#228,.T.);
#315 = ORIENTED_EDGE('',*,*,#309,.T.);
#316 = CYLINDRICAL_SURFACE('',#317,6.35);
#317 = AXIS2_PLACEMENT_3D('',#318,#319,#320);
#318 = CARTESIAN_POINT('',(114.3,114.3,-5.));
#319 = DIRECTION('',(0.,0.,1.));
#320 = DIRECTION('',(1.,0.,0.));
#321 = MANIFOLD_SOLID_BREP('',#322);
#322 = CLOSED_SHELL('',(#323,#363,#403,#425,#447,#459));
#323 = ADVANCED_FACE('',(#324),#358,.F.);
#324 = FACE_BOUND('',#325,.F.);
#325 = EDGE_LOOP('',(#326,#336,#344,#352));
#326 = ORIENTED_EDGE('',*,*,#327,.F.);
#327 = EDGE_CURVE('',#328,#330,#332,.T.);
#328 = VERTEX_POINT('',#329);
#329 = CARTESIAN_POINT('',(0.,0.,9.525));
#330 = VERTEX_POINT('',#331);
#331 = CARTESIAN_POINT('',(0.,0.,1.025525E+03));
#332 = LINE('',#333,#334);
#333 = CARTESIAN_POINT('',(0.,0.,9.525));
#334 = VECTOR('',#335,1.);
#335 = DIRECTION('',(0.,0.,1.));
#336 = ORIENTED_EDGE('',*,*,#337,.T.);
#337 = EDGE_CURVE('',#328,#338,#340,.T.);
#338 = VERTEX_POINT('',#339);
#339 = CARTESIAN_POINT('',(0.,76.2,9.525));
#340 = LINE('',#341,#342);
#341 = CARTESIAN_POINT('',(0.,0.,9.525));
#342 = VECTOR('',#343,1.);
#343 = DIRECTION('',(0.,1.,0.));
#344 = ORIENTED_EDGE('',*,*,#345,.T.);
#345 = EDGE_CURVE('',#338,#346,#348,.T.);
#346 = VERTEX_POINT('',#347);
#347 = CARTESIAN_POINT('',(0.,76.2,1.025525E+03));
#348 = LINE('',#349,#350);
#349 = CARTESIAN_POINT('',(0.,76.2,9.525));
#350 = VECTOR('',#351,1.);
#351 = DIRECTION('',(0.,0.,1.));
#352 = ORIENTED_EDGE('',*,*,#353,.F.);
#353 = EDGE_CURVE('',#330,#346,#354,.T.);
#354 = LINE('',#355,#356);
#355 = CARTESIAN_POINT('',(0.,0.,1.025525E+03));
#356 = VECTOR('',#357,1.);
#357 = DIRECTION('',(0.,1.,0.));
#358 = PLANE('',#359);
#359 = AXIS2_PLACEMENT_3D('',#360,#361,#362);
#360 = CARTESIAN_POINT('',(0.,0.,9.525));
#361 = DIRECTION('',(1.,0.,0.));
#362 = DIRECTION('',(0.,0.,1.));
#363 = ADVANCED_FACE('',(#364),#398,.T.);
#364 = FACE_BOUND('',#365,.T.);
#365 = EDGE_LOOP('',(#366,#376,#384,#392));
#366 = ORIENTED_EDGE('',*,*,#367,.F.);
#367 = EDGE_CURVE('',#368,#370,#372,.T.);
#368 = VERTEX_POINT('',#369);
#369 = CARTESIAN_POINT('',(76.2,0.,9.525));
#370 = VERTEX_POINT('',#371);
#371 = CARTESIAN_POINT('',(76.2,0.,1.025525E+03));
#372 = LINE('',#373,#374);
#373 = CARTESIAN_POINT('',(76.2,0.,9.525));
#374 = VECTOR('',#375,1.);
#375 = DIRECTION('',(0.,0.,1.));
#376 = ORIENTED_EDGE('',*,*,#377,.T.);
#377 = EDGE_CURVE('',#368,#378,#380,.T.);
#378 = VERTEX_POINT('',#379);
#379 = CARTESIAN_POINT('',(76.2,76.2,9.525));
#380 = LINE('',#381,#382);
#381 = CARTESIAN_POINT('',(76.2,0.,9.525));
#382 = VECTOR('',#383,1.);
#383 = DIRECTION('',(0.,1.,0.));
#384 = ORIENTED_EDGE('',*,*,#385,.T.);
#385 = EDGE_CURVE('',#378,#386,#388,.T.);
#386 = VERTEX_POINT('',#387);
#387 = CARTESIAN_POINT('',(76.2,76.2,1.025525E+03));
#388 = LINE('',#389,#390);
#389 = CARTESIAN_POINT('',(76.2,76.2,9.525));
#390 = VECTOR('',#391,1.);
#391 = DIRECTION('',(0.,0.,1.));
#392 = ORIENTED_EDGE('',*,*,#393,.F.);
#393 = EDGE_CURVE('',#370,#386,#394,.T.);
#394 = LINE('',#395,#396);
#395 = CARTESIAN_POINT('',(76.2,0.,1.025525E+03));
#396 = VECTOR('',#397,1.);
#397 = DIRECTION('',(0.,1.,0.));
#398 = PLANE('',#399);
#399 = AXIS2_PLACEMENT_3D('',#400,#401,#402);
#400 = CARTESIAN_POINT('',(76.2,0.,9.525));
#401 = DIRECTION('',(1.,0.,0.));
#402 = DIRECTION('',(0.,0.,1.));
#403 = ADVANCED_FACE('',(#404),#420,.F.);
#404 = FACE_BOUND('',#405,.F.);
#405 = EDGE_LOOP('',(#406,#412,#413,#419));
#406 = ORIENTED_EDGE('',*,*,#407,.F.);
#407 = EDGE_CURVE('',#328,#368,#408,.T.);
#408 = LINE('',#409,#410);
#409 = CARTESIAN_POINT('',(0.,0.,9.525));
#410 = VECTOR('',#411,1.);
#411 = DIRECTION('',(1.,0.,0.));
#412 = ORIENTED_EDGE('',*,*,#327,.T.);
#413 = ORIENTED_EDGE('',*,*,#414,.T.);
#414 = EDGE_CURVE('',#330,#370,#415,.T.);
#415 = LINE('',#416,#417);
#416 = CARTESIAN_POINT('',(0.,0.,1.025525E+03));
#417 = VECTOR('',#418,1.);
#418 = DIRECTION('',(1.,0.,0.));
#419 = ORIENTED_EDGE('',*,*,#367,.F.);
#420 = PLANE('',#421);
#421 = AXIS2_PLACEMENT_3D('',#422,#423,#424);
#422 = CARTESIAN_POINT('',(0.,0.,9.525));
#423 = DIRECTION('',(0.,1.,0.));
#424 = DIRECTION('',(0.,0.,1.));
#425 = ADVANCED_FACE('',(#426),#442,.T.);
#426 = FACE_BOUND('',#427,.T.);
#427 = EDGE_LOOP('',(#428,#434,#435,#441));
#428 = ORIENTED_EDGE('',*,*,#429,.F.);
#429 = EDGE_CURVE('',#338,#378,#430,.T.);
#430 = LINE('',#431,#432);
#431 = CARTESIAN_POINT('',(0.,76.2,9.525));
#432 = VECTOR('',#433,1.);
#433 = DIRECTION('',(1.,0.,0.));
#434 = ORIENTED_EDGE('',*,*,#345,.T.);
#435 = ORIENTED_EDGE('',*,*,#436,.T.);
#436 = EDGE_CURVE('',#346,#386,#437,.T.);
#437 = LINE('',#438,#439);
#438 = CARTESIAN_POINT('',(0.,76.2,1.025525E+03));
#439 = VECTOR('',#440,1.);
#440 = DIRECTION('',(1.,0.,0.));
#441 = ORIENTED_EDGE('',*,*,#385,.F.);
#442 = PLANE('',#443);
#443 = AXIS2_PLACEMENT_3D('',#444,#445,#446);
#444 = CARTESIAN_POINT('',(0.,76.2,9.525));
#445 = DIRECTION('',(0.,1.,0.));
#446 = DIRECTION('',(0.,0.,1.));
#447 = ADVANCED_FACE('',(#448),#454,.F.);
#448 = FACE_BOUND('',#449,.F.);
#449 = EDGE_LOOP('',(#450,#451,#452,#453));
#450 = ORIENTED_EDGE('',*,*,#337,.F.);
#451 = ORIENTED_EDGE('',*,*,#407,.T.);
#452 = ORIENTED_EDGE('',*,*,#377,.T.);
#453 = ORIENTED_EDGE('',*,*,#429,.F.);
#454 = PLANE('',#455);
#455 = AXIS2_PLACEMENT_3D('',#456,#457,#458);
#456 = CARTESIAN_POINT('',(0.,0.,9.525));
#457 = DIRECTION('',(0.,0.,1.));
#458 = DIRECTION('',(1.,0.,0.));
#459 = ADVANCED_FACE('',(#460),#466,.T.);
#460 = FACE_BOUND('',#461,.T.);
#461 = EDGE_LOOP('',(#462,#463,#464,#465));
#462 = ORIENTED_EDGE('',*,*,#353,.F.);
#463 = ORIENTED_EDGE('',*,*,#414,.T.);
#464 = ORIENTED_EDGE('',*,*,#393,.T.);
#465 = ORIENTED_EDGE('',*,*,#436,.F.);
#466 = PLANE('',#467);
#467 = AXIS2_PLACEMENT_3D('',#468,#469,#470);
#468 = CARTESIAN_POINT('',(0.,0.,1.025525E+03));
#469 = DIRECTION('',(0.,0.,1.));
#470 = DIRECTION('',(1.,0.,0.));
#471 = MANIFOLD_SOLID_BREP('',#472);
#472 = CLOSED_SHELL('',(#473,#513,#544,#612,#636,#697,#709,#726,#743,
    #760));
#473 = ADVANCED_FACE('',(#474),#508,.F.);
#474 = FACE_BOUND('',#475,.F.);
#475 = EDGE_LOOP('',(#476,#486,#494,#502));
#476 = ORIENTED_EDGE('',*,*,#477,.F.);
#477 = EDGE_CURVE('',#478,#480,#482,.T.);
#478 = VERTEX_POINT('',#479);
#479 = CARTESIAN_POINT('',(-63.5,1.1557E+03,0.));
#480 = VERTEX_POINT('',#481);
#481 = CARTESIAN_POINT('',(-63.5,1.1557E+03,9.525));
#482 = LINE('',#483,#484);
#483 = CARTESIAN_POINT('',(-63.5,1.1557E+03,0.));
#484 = VECTOR('',#485,1.);
#485 = DIRECTION('',(0.,0.,1.));
#486 = ORIENTED_EDGE('',*,*,#487,.T.);
#487 = EDGE_CURVE('',#478,#488,#490,.T.);
#488 = VERTEX_POINT('',#489);
#489 = CARTESIAN_POINT('',(-63.5,1.3589E+03,0.));
#490 = LINE('',#491,#492);
#491 = CARTESIAN_POINT('',(-63.5,1.1557E+03,0.));
#492 = VECTOR('',#493,1.);
#493 = DIRECTION('',(0.,1.,0.));
#494 = ORIENTED_EDGE('',*,*,#495,.T.);
#495 = EDGE_CURVE('',#488,#496,#498,.T.);
#496 = VERTEX_POINT('',#497);
#497 = CARTESIAN_POINT('',(-63.5,1.3589E+03,9.525));
#498 = LINE('',#499,#500);
#499 = CARTESIAN_POINT('',(-63.5,1.3589E+03,0.));
#500 = VECTOR('',#501,1.);
#501 = DIRECTION('',(0.,0.,1.));
#502 = ORIENTED_EDGE('',*,*,#503,.F.);
#503 = EDGE_CURVE('',#480,#496,#504,.T.);
#504 = LINE('',#505,#506);
#505 = CARTESIAN_POINT('',(-63.5,1.1557E+03,9.525));
#506 = VECTOR('',#507,1.);
#507 = DIRECTION('',(0.,1.,0.));
#508 = PLANE('',#509);
#509 = AXIS2_PLACEMENT_3D('',#510,#511,#512);
#510 = CARTESIAN_POINT('',(-63.5,1.1557E+03,0.));
#511 = DIRECTION('',(1.,0.,0.));
#512 = DIRECTION('',(0.,0.,1.));
#513 = ADVANCED_FACE('',(#514),#539,.F.);
#514 = FACE_BOUND('',#515,.F.);
#515 = EDGE_LOOP('',(#516,#524,#525,#533));
#516 = ORIENTED_EDGE('',*,*,#517,.F.);
#517 = EDGE_CURVE('',#478,#518,#520,.T.);
#518 = VERTEX_POINT('',#519);
#519 = CARTESIAN_POINT('',(139.7,1.1557E+03,0.));
#520 = LINE('',#521,#522);
#521 = CARTESIAN_POINT('',(-63.5,1.1557E+03,0.));
#522 = VECTOR('',#523,1.);
#523 = DIRECTION('',(1.,0.,0.));
#524 = ORIENTED_EDGE('',*,*,#477,.T.);
#525 = ORIENTED_EDGE('',*,*,#526,.T.);
#526 = EDGE_CURVE('',#480,#527,#529,.T.);
#527 = VERTEX_POINT('',#528);
#528 = CARTESIAN_POINT('',(139.7,1.1557E+03,9.525));
#529 = LINE('',#530,#531);
#530 = CARTESIAN_POINT('',(-63.5,1.1557E+03,9.525));
#531 = VECTOR('',#532,1.);
#532 = DIRECTION('',(1.,0.,0.));
#533 = ORIENTED_EDGE('',*,*,#534,.F.);
#534 = EDGE_CURVE('',#518,#527,#535,.T.);
#535 = LINE('',#536,#537);
#536 = CARTESIAN_POINT('',(139.7,1.1557E+03,0.));
#537 = VECTOR('',#538,1.);
#538 = DIRECTION('',(0.,0.,1.));
#539 = PLANE('',#540);
#540 = AXIS2_PLACEMENT_3D('',#541,#542,#543);
#541 = CARTESIAN_POINT('',(-63.5,1.1557E+03,0.));
#542 = DIRECTION('',(0.,1.,0.));
#543 = DIRECTION('',(0.,0.,1.));
#544 = ADVANCED_FACE('',(#545,#563,#574,#585,#596),#607,.T.);
#545 = FACE_BOUND('',#546,.T.);
#546 = EDGE_LOOP('',(#547,#548,#549,#557));
#547 = ORIENTED_EDGE('',*,*,#503,.F.);
#548 = ORIENTED_EDGE('',*,*,#526,.T.);
#549 = ORIENTED_EDGE('',*,*,#550,.T.);
#550 = EDGE_CURVE('',#527,#551,#553,.T.);
#551 = VERTEX_POINT('',#552);
#552 = CARTESIAN_POINT('',(139.7,1.3589E+03,9.525));
#553 = LINE('',#554,#555);
#554 = CARTESIAN_POINT('',(139.7,1.1557E+03,9.525));
#555 = VECTOR('',#556,1.);
#556 = DIRECTION('',(0.,1.,0.));
#557 = ORIENTED_EDGE('',*,*,#558,.F.);
#558 = EDGE_CURVE('',#496,#551,#559,.T.);
#559 = LINE('',#560,#561);
#560 = CARTESIAN_POINT('',(-63.5,1.3589E+03,9.525));
#561 = VECTOR('',#562,1.);
#562 = DIRECTION('',(1.,0.,0.));
#563 = FACE_BOUND('',#564,.T.);
#564 = EDGE_LOOP('',(#565));
#565 = ORIENTED_EDGE('',*,*,#566,.F.);
#566 = EDGE_CURVE('',#567,#567,#569,.T.);
#567 = VERTEX_POINT('',#568);
#568 = CARTESIAN_POINT('',(-31.75,1.1811E+03,9.525));
#569 = CIRCLE('',#570,6.35);
#570 = AXIS2_PLACEMENT_3D('',#571,#572,#573);
#571 = CARTESIAN_POINT('',(-38.1,1.1811E+03,9.525));
#572 = DIRECTION('',(0.,0.,1.));
#573 = DIRECTION('',(1.,0.,0.));
#574 = FACE_BOUND('',#575,.T.);
#575 = EDGE_LOOP('',(#576));
#576 = ORIENTED_EDGE('',*,*,#577,.F.);
#577 = EDGE_CURVE('',#578,#578,#580,.T.);
#578 = VERTEX_POINT('',#579);
#579 = CARTESIAN_POINT('',(120.65,1.1811E+03,9.525));
#580 = CIRCLE('',#581,6.35);
#581 = AXIS2_PLACEMENT_3D('',#582,#583,#584);
#582 = CARTESIAN_POINT('',(114.3,1.1811E+03,9.525));
#583 = DIRECTION('',(0.,0.,1.));
#584 = DIRECTION('',(1.,0.,0.));
#585 = FACE_BOUND('',#586,.T.);
#586 = EDGE_LOOP('',(#587));
#587 = ORIENTED_EDGE('',*,*,#588,.F.);
#588 = EDGE_CURVE('',#589,#589,#591,.T.);
#589 = VERTEX_POINT('',#590);
#590 = CARTESIAN_POINT('',(-31.75,1.3335E+03,9.525));
#591 = CIRCLE('',#592,6.35);
#592 = AXIS2_PLACEMENT_3D('',#593,#594,#595);
#593 = CARTESIAN_POINT('',(-38.1,1.3335E+03,9.525));
#594 = DIRECTION('',(0.,0.,1.));
#595 = DIRECTION('',(1.,0.,0.));
#596 = FACE_BOUND('',#597,.T.);
#597 = EDGE_LOOP('',(#598));
#598 = ORIENTED_EDGE('',*,*,#599,.F.);
#599 = EDGE_CURVE('',#600,#600,#602,.T.);
#600 = VERTEX_POINT('',#601);
#601 = CARTESIAN_POINT('',(120.65,1.3335E+03,9.525));
#602 = CIRCLE('',#603,6.35);
#603 = AXIS2_PLACEMENT_3D('',#604,#605,#606);
#604 = CARTESIAN_POINT('',(114.3,1.3335E+03,9.525));
#605 = DIRECTION('',(0.,0.,1.));
#606 = DIRECTION('',(1.,0.,0.));
#607 = PLANE('',#608);
#608 = AXIS2_PLACEMENT_3D('',#609,#610,#611);
#609 = CARTESIAN_POINT('',(-63.5,1.1557E+03,9.525));
#610 = DIRECTION('',(0.,0.,1.));
#611 = DIRECTION('',(1.,0.,0.));
#612 = ADVANCED_FACE('',(#613),#631,.T.);
#613 = FACE_BOUND('',#614,.T.);
#614 = EDGE_LOOP('',(#615,#623,#624,#625));
#615 = ORIENTED_EDGE('',*,*,#616,.F.);
#616 = EDGE_CURVE('',#488,#617,#619,.T.);
#617 = VERTEX_POINT('',#618);
#618 = CARTESIAN_POINT('',(139.7,1.3589E+03,0.));
#619 = LINE('',#620,#621);
#620 = CARTESIAN_POINT('',(-63.5,1.3589E+03,0.));
#621 = VECTOR('',#622,1.);
#622 = DIRECTION('',(1.,0.,0.));
#623 = ORIENTED_EDGE('',*,*,#495,.T.);
#624 = ORIENTED_EDGE('',*,*,#558,.T.);
#625 = ORIENTED_EDGE('',*,*,#626,.F.);
#626 = EDGE_CURVE('',#617,#551,#627,.T.);
#627 = LINE('',#628,#629);
#628 = CARTESIAN_POINT('',(139.7,1.3589E+03,0.));
#629 = VECTOR('',#630,1.);
#630 = DIRECTION('',(0.,0.,1.));
#631 = PLANE('',#632);
#632 = AXIS2_PLACEMENT_3D('',#633,#634,#635);
#633 = CARTESIAN_POINT('',(-63.5,1.3589E+03,0.));
#634 = DIRECTION('',(0.,1.,0.));
#635 = DIRECTION('',(0.,0.,1.));
#636 = ADVANCED_FACE('',(#637,#648,#659,#670,#681),#692,.F.);
#637 = FACE_BOUND('',#638,.F.);
#638 = EDGE_LOOP('',(#639,#640,#641,#647));
#639 = ORIENTED_EDGE('',*,*,#487,.F.);
#640 = ORIENTED_EDGE('',*,*,#517,.T.);
#641 = ORIENTED_EDGE('',*,*,#642,.T.);
#642 = EDGE_CURVE('',#518,#617,#643,.T.);
#643 = LINE('',#644,#645);
#644 = CARTESIAN_POINT('',(139.7,1.1557E+03,0.));
#645 = VECTOR('',#646,1.);
#646 = DIRECTION('',(0.,1.,0.));
#647 = ORIENTED_EDGE('',*,*,#616,.F.);
#648 = FACE_BOUND('',#649,.F.);
#649 = EDGE_LOOP('',(#650));
#650 = ORIENTED_EDGE('',*,*,#651,.F.);
#651 = EDGE_CURVE('',#652,#652,#654,.T.);
#652 = VERTEX_POINT('',#653);
#653 = CARTESIAN_POINT('',(-31.75,1.1811E+03,0.));
#654 = CIRCLE('',#655,6.35);
#655 = AXIS2_PLACEMENT_3D('',#656,#657,#658);
#656 = CARTESIAN_POINT('',(-38.1,1.1811E+03,0.));
#657 = DIRECTION('',(0.,0.,1.));
#658 = DIRECTION('',(1.,0.,0.));
#659 = FACE_BOUND('',#660,.F.);
#660 = EDGE_LOOP('',(#661));
#661 = ORIENTED_EDGE('',*,*,#662,.F.);
#662 = EDGE_CURVE('',#663,#663,#665,.T.);
#663 = VERTEX_POINT('',#664);
#664 = CARTESIAN_POINT('',(120.65,1.1811E+03,0.));
#665 = CIRCLE('',#666,6.35);
#666 = AXIS2_PLACEMENT_3D('',#667,#668,#669);
#667 = CARTESIAN_POINT('',(114.3,1.1811E+03,0.));
#668 = DIRECTION('',(0.,0.,1.));
#669 = DIRECTION('',(1.,0.,0.));
#670 = FACE_BOUND('',#671,.F.);
#671 = EDGE_LOOP('',(#672));
#672 = ORIENTED_EDGE('',*,*,#673,.F.);
#673 = EDGE_CURVE('',#674,#674,#676,.T.);
#674 = VERTEX_POINT('',#675);
#675 = CARTESIAN_POINT('',(-31.75,1.3335E+03,0.));
#676 = CIRCLE('',#677,6.35);
#677 = AXIS2_PLACEMENT_3D('',#678,#679,#680);
#678 = CARTESIAN_POINT('',(-38.1,1.3335E+03,0.));
#679 = DIRECTION('',(0.,0.,1.));
#680 = DIRECTION('',(1.,0.,0.));
#681 = FACE_BOUND('',#682,.F.);
#682 = EDGE_LOOP('',(#683));
#683 = ORIENTED_EDGE('',*,*,#684,.F.);
#684 = EDGE_CURVE('',#685,#685,#687,.T.);
#685 = VERTEX_POINT('',#686);
#686 = CARTESIAN_POINT('',(120.65,1.3335E+03,0.));
#687 = CIRCLE('',#688,6.35);
#688 = AXIS2_PLACEMENT_3D('',#689,#690,#691);
#689 = CARTESIAN_POINT('',(114.3,1.3335E+03,0.));
#690 = DIRECTION('',(0.,0.,1.));
#691 = DIRECTION('',(1.,0.,0.));
#692 = PLANE('',#693);
#693 = AXIS2_PLACEMENT_3D('',#694,#695,#696);
#694 = CARTESIAN_POINT('',(-63.5,1.1557E+03,0.));
#695 = DIRECTION('',(0.,0.,1.));
#696 = DIRECTION('',(1.,0.,0.));
#697 = ADVANCED_FACE('',(#698),#704,.T.);
#698 = FACE_BOUND('',#699,.T.);
#699 = EDGE_LOOP('',(#700,#701,#702,#703));
#700 = ORIENTED_EDGE('',*,*,#534,.F.);
#701 = ORIENTED_EDGE('',*,*,#642,.T.);
#702 = ORIENTED_EDGE('',*,*,#626,.T.);
#703 = ORIENTED_EDGE('',*,*,#550,.F.);
#704 = PLANE('',#705);
#705 = AXIS2_PLACEMENT_3D('',#706,#707,#708);
#706 = CARTESIAN_POINT('',(139.7,1.1557E+03,0.));
#707 = DIRECTION('',(1.,0.,0.));
#708 = DIRECTION('',(0.,0.,1.));
#709 = ADVANCED_FACE('',(#710),#721,.F.);
#710 = FACE_BOUND('',#711,.F.);
#711 = EDGE_LOOP('',(#712,#713,#719,#720));
#712 = ORIENTED_EDGE('',*,*,#566,.F.);
#713 = ORIENTED_EDGE('',*,*,#714,.F.);
#714 = EDGE_CURVE('',#652,#567,#715,.T.);
#715 = LINE('',#716,#717);
#716 = CARTESIAN_POINT('',(-31.75,1.1811E+03,-5.));
#717 = VECTOR('',#718,1.);
#718 = DIRECTION('',(0.,0.,1.));
#719 = ORIENTED_EDGE('',*,*,#651,.T.);
#720 = ORIENTED_EDGE('',*,*,#714,.T.);
#721 = CYLINDRICAL_SURFACE('',#722,6.35);
#722 = AXIS2_PLACEMENT_3D('',#723,#724,#725);
#723 = CARTESIAN_POINT('',(-38.1,1.1811E+03,-5.));
#724 = DIRECTION('',(0.,0.,1.));
#725 = DIRECTION('',(1.,0.,0.));
#726 = ADVANCED_FACE('',(#727),#738,.F.);
#727 = FACE_BOUND('',#728,.F.);
#728 = EDGE_LOOP('',(#729,#730,#736,#737));
#729 = ORIENTED_EDGE('',*,*,#577,.F.);
#730 = ORIENTED_EDGE('',*,*,#731,.F.);
#731 = EDGE_CURVE('',#663,#578,#732,.T.);
#732 = LINE('',#733,#734);
#733 = CARTESIAN_POINT('',(120.65,1.1811E+03,-5.));
#734 = VECTOR('',#735,1.);
#735 = DIRECTION('',(0.,0.,1.));
#736 = ORIENTED_EDGE('',*,*,#662,.T.);
#737 = ORIENTED_EDGE('',*,*,#731,.T.);
#738 = CYLINDRICAL_SURFACE('',#739,6.35);
#739 = AXIS2_PLACEMENT_3D('',#740,#741,#742);
#740 = CARTESIAN_POINT('',(114.3,1.1811E+03,-5.));
#741 = DIRECTION('',(0.,0.,1.));
#742 = DIRECTION('',(1.,0.,0.));
#743 = ADVANCED_FACE('',(#744),#755,.F.);
#744 = FACE_BOUND('',#745,.F.);
#745 = EDGE_LOOP('',(#746,#747,#753,#754));
#746 = ORIENTED_EDGE('',*,*,#588,.F.);
#747 = ORIENTED_EDGE('',*,*,#748,.F.);
#748 = EDGE_CURVE('',#674,#589,#749,.T.);
#749 = LINE('',#750,#751);
#750 = CARTESIAN_POINT('',(-31.75,1.3335E+03,-5.));
#751 = VECTOR('',#752,1.);
#752 = DIRECTION('',(0.,0.,1.));
#753 = ORIENTED_EDGE('',*,*,#673,.T.);
#754 = ORIENTED_EDGE('',*,*,#748,.T.);
#755 = CYLINDRICAL_SURFACE('',#756,6.35);
#756 = AXIS2_PLACEMENT_3D('',#757,#758,#759);
#757 = CARTESIAN_POINT('',(-38.1,1.3335E+03,-5.));
#758 = DIRECTION('',(0.,0.,1.));
#759 = DIRECTION('',(1.,0.,0.));
#760 = ADVANCED_FACE('',(#761),#772,.F.);
#761 = FACE_BOUND('',#762,.F.);
#762 = EDGE_LOOP('',(#763,#764,#770,#771));
#763 = ORIENTED_EDGE('',*,*,#599,.F.);
#764 = ORIENTED_EDGE('',*,*,#765,.F.);
#765 = EDGE_CURVE('',#685,#600,#766,.T.);
#766 = LINE('',#767,#768);
#767 = CARTESIAN_POINT('',(120.65,1.3335E+03,-5.));
#768 = VECTOR('',#769,1.);
#769 = DIRECTION('',(0.,0.,1.));
#770 = ORIENTED_EDGE('',*,*,#684,.T.);
#771 = ORIENTED_EDGE('',*,*,#765,.T.);
#772 = CYLINDRICAL_SURFACE('',#773,6.35);
#773 = AXIS2_PLACEMENT_3D('',#774,#775,#776);
#774 = CARTESIAN_POINT('',(114.3,1.3335E+03,-5.));
#775 = DIRECTION('',(0.,0.,1.));
#776 = DIRECTION('',(1.,0.,0.));
#777 = MANIFOLD_SOLID_BREP('',#778);
#778 = CLOSED_SHELL('',(#779,#819,#859,#881,#903,#915));
#779 = ADVANCED_FACE('',(#780),#814,.F.);
#780 = FACE_BOUND('',#781,.F.);
#781 = EDGE_LOOP('',(#782,#792,#800,#808));
#782 = ORIENTED_EDGE('',*,*,#783,.F.);
#783 = EDGE_CURVE('',#784,#786,#788,.T.);
#784 = VERTEX_POINT('',#785);
#785 = CARTESIAN_POINT('',(0.,1.2192E+03,9.525));
#786 = VERTEX_POINT('',#787);
#787 = CARTESIAN_POINT('',(0.,1.2192E+03,1.025525E+03));
#788 = LINE('',#789,#790);
#789 = CARTESIAN_POINT('',(0.,1.2192E+03,9.525));
#790 = VECTOR('',#791,1.);
#791 = DIRECTION('',(0.,0.,1.));
#792 = ORIENTED_EDGE('',*,*,#793,.T.);
#793 = EDGE_CURVE('',#784,#794,#796,.T.);
#794 = VERTEX_POINT('',#795);
#795 = CARTESIAN_POINT('',(0.,1.2954E+03,9.525));
#796 = LINE('',#797,#798);
#797 = CARTESIAN_POINT('',(0.,1.2192E+03,9.525));
#798 = VECTOR('',#799,1.);
#799 = DIRECTION('',(0.,1.,0.));
#800 = ORIENTED_EDGE('',*,*,#801,.T.);
#801 = EDGE_CURVE('',#794,#802,#804,.T.);
#802 = VERTEX_POINT('',#803);
#803 = CARTESIAN_POINT('',(0.,1.2954E+03,1.025525E+03));
#804 = LINE('',#805,#806);
#805 = CARTESIAN_POINT('',(0.,1.2954E+03,9.525));
#806 = VECTOR('',#807,1.);
#807 = DIRECTION('',(0.,0.,1.));
#808 = ORIENTED_EDGE('',*,*,#809,.F.);
#809 = EDGE_CURVE('',#786,#802,#810,.T.);
#810 = LINE('',#811,#812);
#811 = CARTESIAN_POINT('',(0.,1.2192E+03,1.025525E+03));
#812 = VECTOR('',#813,1.);
#813 = DIRECTION('',(0.,1.,0.));
#814 = PLANE('',#815);
#815 = AXIS2_PLACEMENT_3D('',#816,#817,#818);
#816 = CARTESIAN_POINT('',(0.,1.2192E+03,9.525));
#817 = DIRECTION('',(1.,0.,0.));
#818 = DIRECTION('',(0.,0.,1.));
#819 = ADVANCED_FACE('',(#820),#854,.T.);
#820 = FACE_BOUND('',#821,.T.);
#821 = EDGE_LOOP('',(#822,#832,#840,#848));
#822 = ORIENTED_EDGE('',*,*,#823,.F.);
#823 = EDGE_CURVE('',#824,#826,#828,.T.);
#824 = VERTEX_POINT('',#825);
#825 = CARTESIAN_POINT('',(76.2,1.2192E+03,9.525));
#826 = VERTEX_POINT('',#827);
#827 = CARTESIAN_POINT('',(76.2,1.2192E+03,1.025525E+03));
#828 = LINE('',#829,#830);
#829 = CARTESIAN_POINT('',(76.2,1.2192E+03,9.525));
#830 = VECTOR('',#831,1.);
#831 = DIRECTION('',(0.,0.,1.));
#832 = ORIENTED_EDGE('',*,*,#833,.T.);
#833 = EDGE_CURVE('',#824,#834,#836,.T.);
#834 = VERTEX_POINT('',#835);
#835 = CARTESIAN_POINT('',(76.2,1.2954E+03,9.525));
#836 = LINE('',#837,#838);
#837 = CARTESIAN_POINT('',(76.2,1.2192E+03,9.525));
#838 = VECTOR('',#839,1.);
#839 = DIRECTION('',(0.,1.,0.));
#840 = ORIENTED_EDGE('',*,*,#841,.T.);
#841 = EDGE_CURVE('',#834,#842,#844,.T.);
#842 = VERTEX_POINT('',#843);
#843 = CARTESIAN_POINT('',(76.2,1.2954E+03,1.025525E+03));
#844 = LINE('',#845,#846);
#845 = CARTESIAN_POINT('',(76.2,1.2954E+03,9.525));
#846 = VECTOR('',#847,1.);
#847 = DIRECTION('',(0.,0.,1.));
#848 = ORIENTED_EDGE('',*,*,#849,.F.);
#849 = EDGE_CURVE('',#826,#842,#850,.T.);
#850 = LINE('',#851,#852);
#851 = CARTESIAN_POINT('',(76.2,1.2192E+03,1.025525E+03));
#852 = VECTOR('',#853,1.);
#853 = DIRECTION('',(0.,1.,0.));
#854 = PLANE('',#855);
#855 = AXIS2_PLACEMENT_3D('',#856,#857,#858);
#856 = CARTESIAN_POINT('',(76.2,1.2192E+03,9.525));
#857 = DIRECTION('',(1.,0.,0.));
#858 = DIRECTION('',(0.,0.,1.));
#859 = ADVANCED_FACE('',(#860),#876,.F.);
#860 = FACE_BOUND('',#861,.F.);
#861 = EDGE_LOOP('',(#862,#868,#869,#875));
#862 = ORIENTED_EDGE('',*,*,#863,.F.);
#863 = EDGE_CURVE('',#784,#824,#864,.T.);
#864 = LINE('',#865,#866);
#865 = CARTESIAN_POINT('',(0.,1.2192E+03,9.525));
#866 = VECTOR('',#867,1.);
#867 = DIRECTION('',(1.,0.,0.));
#868 = ORIENTED_EDGE('',*,*,#783,.T.);
#869 = ORIENTED_EDGE('',*,*,#870,.T.);
#870 = EDGE_CURVE('',#786,#826,#871,.T.);
#871 = LINE('',#872,#873);
#872 = CARTESIAN_POINT('',(0.,1.2192E+03,1.025525E+03));
#873 = VECTOR('',#874,1.);
#874 = DIRECTION('',(1.,0.,0.));
#875 = ORIENTED_EDGE('',*,*,#823,.F.);
#876 = PLANE('',#877);
#877 = AXIS2_PLACEMENT_3D('',#878,#879,#880);
#878 = CARTESIAN_POINT('',(0.,1.2192E+03,9.525));
#879 = DIRECTION('',(0.,1.,0.));
#880 = DIRECTION('',(0.,0.,1.));
#881 = ADVANCED_FACE('',(#882),#898,.T.);
#882 = FACE_BOUND('',#883,.T.);
#883 = EDGE_LOOP('',(#884,#890,#891,#897));
#884 = ORIENTED_EDGE('',*,*,#885,.F.);
#885 = EDGE_CURVE('',#794,#834,#886,.T.);
#886 = LINE('',#887,#888);
#887 = CARTESIAN_POINT('',(0.,1.2954E+03,9.525));
#888 = VECTOR('',#889,1.);
#889 = DIRECTION('',(1.,0.,0.));
#890 = ORIENTED_EDGE('',*,*,#801,.T.);
#891 = ORIENTED_EDGE('',*,*,#892,.T.);
#892 = EDGE_CURVE('',#802,#842,#893,.T.);
#893 = LINE('',#894,#895);
#894 = CARTESIAN_POINT('',(0.,1.2954E+03,1.025525E+03));
#895 = VECTOR('',#896,1.);
#896 = DIRECTION('',(1.,0.,0.));
#897 = ORIENTED_EDGE('',*,*,#841,.F.);
#898 = PLANE('',#899);
#899 = AXIS2_PLACEMENT_3D('',#900,#901,#902);
#900 = CARTESIAN_POINT('',(0.,1.2954E+03,9.525));
#901 = DIRECTION('',(0.,1.,0.));
#902 = DIRECTION('',(0.,0.,1.));
#903 = ADVANCED_FACE('',(#904),#910,.F.);
#904 = FACE_BOUND('',#905,.F.);
#905 = EDGE_LOOP('',(#906,#907,#908,#909));
#906 = ORIENTED_EDGE('',*,*,#793,.F.);
#907 = ORIENTED_EDGE('',*,*,#863,.T.);
#908 = ORIENTED_EDGE('',*,*,#833,.T.);
#909 = ORIENTED_EDGE('',*,*,#885,.F.);
#910 = PLANE('',#911);
#911 = AXIS2_PLACEMENT_3D('',#912,#913,#914);
#912 = CARTESIAN_POINT('',(0.,1.2192E+03,9.525));
#913 = DIRECTION('',(0.,0.,1.));
#914 = DIRECTION('',(1.,0.,0.));
#915 = ADVANCED_FACE('',(#916),#922,.T.);
#916 = FACE_BOUND('',#917,.T.);
#917 = EDGE_LOOP('',(#918,#919,#920,#921));
#918 = ORIENTED_EDGE('',*,*,#809,.F.);
#919 = ORIENTED_EDGE('',*,*,#870,.T.);
#920 = ORIENTED_EDGE('',*,*,#849,.T.);
#921 = ORIENTED_EDGE('',*,*,#892,.F.);
#922 = PLANE('',#923);
#923 = AXIS2_PLACEMENT_3D('',#924,#925,#926);
#924 = CARTESIAN_POINT('',(0.,1.2192E+03,1.025525E+03));
#925 = DIRECTION('',(0.,0.,1.));
#926 = DIRECTION('',(1.,0.,0.));
#927 = MANIFOLD_SOLID_BREP('',#928);
#928 = CLOSED_SHELL('',(#929,#969,#1000,#1068,#1092,#1153,#1165,#1182,
    #1199,#1216));
#929 = ADVANCED_FACE('',(#930),#964,.F.);
#930 = FACE_BOUND('',#931,.F.);
#931 = EDGE_LOOP('',(#932,#942,#950,#958));
#932 = ORIENTED_EDGE('',*,*,#933,.F.);
#933 = EDGE_CURVE('',#934,#936,#938,.T.);
#934 = VERTEX_POINT('',#935);
#935 = CARTESIAN_POINT('',(-63.5,2.3749E+03,0.));
#936 = VERTEX_POINT('',#937);
#937 = CARTESIAN_POINT('',(-63.5,2.3749E+03,9.525));
#938 = LINE('',#939,#940);
#939 = CARTESIAN_POINT('',(-63.5,2.3749E+03,0.));
#940 = VECTOR('',#941,1.);
#941 = DIRECTION('',(0.,0.,1.));
#942 = ORIENTED_EDGE('',*,*,#943,.T.);
#943 = EDGE_CURVE('',#934,#944,#946,.T.);
#944 = VERTEX_POINT('',#945);
#945 = CARTESIAN_POINT('',(-63.5,2.5781E+03,0.));
#946 = LINE('',#947,#948);
#947 = CARTESIAN_POINT('',(-63.5,2.3749E+03,0.));
#948 = VECTOR('',#949,1.);
#949 = DIRECTION('',(0.,1.,0.));
#950 = ORIENTED_EDGE('',*,*,#951,.T.);
#951 = EDGE_CURVE('',#944,#952,#954,.T.);
#952 = VERTEX_POINT('',#953);
#953 = CARTESIAN_POINT('',(-63.5,2.5781E+03,9.525));
#954 = LINE('',#955,#956);
#955 = CARTESIAN_POINT('',(-63.5,2.5781E+03,0.));
#956 = VECTOR('',#957,1.);
#957 = DIRECTION('',(0.,0.,1.));
#958 = ORIENTED_EDGE('',*,*,#959,.F.);
#959 = EDGE_CURVE('',#936,#952,#960,.T.);
#960 = LINE('',#961,#962);
#961 = CARTESIAN_POINT('',(-63.5,2.3749E+03,9.525));
#962 = VECTOR('',#963,1.);
#963 = DIRECTION('',(0.,1.,0.));
#964 = PLANE('',#965);
#965 = AXIS2_PLACEMENT_3D('',#966,#967,#968);
#966 = CARTESIAN_POINT('',(-63.5,2.3749E+03,0.));
#967 = DIRECTION('',(1.,0.,0.));
#968 = DIRECTION('',(0.,0.,1.));
#969 = ADVANCED_FACE('',(#970),#995,.F.);
#970 = FACE_BOUND('',#971,.F.);
#971 = EDGE_LOOP('',(#972,#980,#981,#989));
#972 = ORIENTED_EDGE('',*,*,#973,.F.);
#973 = EDGE_CURVE('',#934,#974,#976,.T.);
#974 = VERTEX_POINT('',#975);
#975 = CARTESIAN_POINT('',(139.7,2.3749E+03,0.));
#976 = LINE('',#977,#978);
#977 = CARTESIAN_POINT('',(-63.5,2.3749E+03,0.));
#978 = VECTOR('',#979,1.);
#979 = DIRECTION('',(1.,0.,0.));
#980 = ORIENTED_EDGE('',*,*,#933,.T.);
#981 = ORIENTED_EDGE('',*,*,#982,.T.);
#982 = EDGE_CURVE('',#936,#983,#985,.T.);
#983 = VERTEX_POINT('',#984);
#984 = CARTESIAN_POINT('',(139.7,2.3749E+03,9.525));
#985 = LINE('',#986,#987);
#986 = CARTESIAN_POINT('',(-63.5,2.3749E+03,9.525));
#987 = VECTOR('',#988,1.);
#988 = DIRECTION('',(1.,0.,0.));
#989 = ORIENTED_EDGE('',*,*,#990,.F.);
#990 = EDGE_CURVE('',#974,#983,#991,.T.);
#991 = LINE('',#992,#993);
#992 = CARTESIAN_POINT('',(139.7,2.3749E+03,0.));
#993 = VECTOR('',#994,1.);
#994 = DIRECTION('',(0.,0.,1.));
#995 = PLANE('',#996);
#996 = AXIS2_PLACEMENT_3D('',#997,#998,#999);
#997 = CARTESIAN_POINT('',(-63.5,2.3749E+03,0.));
#998 = DIRECTION('',(0.,1.,0.));
#999 = DIRECTION('',(0.,0.,1.));
#1000 = ADVANCED_FACE('',(#1001,#1019,#1030,#1041,#1052),#1063,.T.);
#1001 = FACE_BOUND('',#1002,.T.);
#1002 = EDGE_LOOP('',(#1003,#1004,#1005,#1013));
#1003 = ORIENTED_EDGE('',*,*,#959,.F.);
#1004 = ORIENTED_EDGE('',*,*,#982,.T.);
#1005 = ORIENTED_EDGE('',*,*,#1006,.T.);
#1006 = EDGE_CURVE('',#983,#1007,#1009,.T.);
#1007 = VERTEX_POINT('',#1008);
#1008 = CARTESIAN_POINT('',(139.7,2.5781E+03,9.525));
#1009 = LINE('',#1010,#1011);
#1010 = CARTESIAN_POINT('',(139.7,2.3749E+03,9.525));
#1011 = VECTOR('',#1012,1.);
#1012 = DIRECTION('',(0.,1.,0.));
#1013 = ORIENTED_EDGE('',*,*,#1014,.F.);
#1014 = EDGE_CURVE('',#952,#1007,#1015,.T.);
#1015 = LINE('',#1016,#1017);
#1016 = CARTESIAN_POINT('',(-63.5,2.5781E+03,9.525));
#1017 = VECTOR('',#1018,1.);
#1018 = DIRECTION('',(1.,0.,0.));
#1019 = FACE_BOUND('',#1020,.T.);
#1020 = EDGE_LOOP('',(#1021));
#1021 = ORIENTED_EDGE('',*,*,#1022,.F.);
#1022 = EDGE_CURVE('',#1023,#1023,#1025,.T.);
#1023 = VERTEX_POINT('',#1024);
#1024 = CARTESIAN_POINT('',(-31.75,2.4003E+03,9.525));
#1025 = CIRCLE('',#1026,6.35);
#1026 = AXIS2_PLACEMENT_3D('',#1027,#1028,#1029);
#1027 = CARTESIAN_POINT('',(-38.1,2.4003E+03,9.525));
#1028 = DIRECTION('',(0.,0.,1.));
#1029 = DIRECTION('',(1.,0.,0.));
#1030 = FACE_BOUND('',#1031,.T.);
#1031 = EDGE_LOOP('',(#1032));
#1032 = ORIENTED_EDGE('',*,*,#1033,.F.);
#1033 = EDGE_CURVE('',#1034,#1034,#1036,.T.);
#1034 = VERTEX_POINT('',#1035);
#1035 = CARTESIAN_POINT('',(120.65,2.4003E+03,9.525));
#1036 = CIRCLE('',#1037,6.35);
#1037 = AXIS2_PLACEMENT_3D('',#1038,#1039,#1040);
#1038 = CARTESIAN_POINT('',(114.3,2.4003E+03,9.525));
#1039 = DIRECTION('',(0.,0.,1.));
#1040 = DIRECTION('',(1.,0.,0.));
#1041 = FACE_BOUND('',#1042,.T.);
#1042 = EDGE_LOOP('',(#1043));
#1043 = ORIENTED_EDGE('',*,*,#1044,.F.);
#1044 = EDGE_CURVE('',#1045,#1045,#1047,.T.);
#1045 = VERTEX_POINT('',#1046);
#1046 = CARTESIAN_POINT('',(-31.75,2.5527E+03,9.525));
#1047 = CIRCLE('',#1048,6.35);
#1048 = AXIS2_PLACEMENT_3D('',#1049,#1050,#1051);
#1049 = CARTESIAN_POINT('',(-38.1,2.5527E+03,9.525));
#1050 = DIRECTION('',(0.,0.,1.));
#1051 = DIRECTION('',(1.,0.,0.));
#1052 = FACE_BOUND('',#1053,.T.);
#1053 = EDGE_LOOP('',(#1054));
#1054 = ORIENTED_EDGE('',*,*,#1055,.F.);
#1055 = EDGE_CURVE('',#1056,#1056,#1058,.T.);
#1056 = VERTEX_POINT('',#1057);
#1057 = CARTESIAN_POINT('',(120.65,2.5527E+03,9.525));
#1058 = CIRCLE('',#1059,6.35);
#1059 = AXIS2_PLACEMENT_3D('',#1060,#1061,#1062);
#1060 = CARTESIAN_POINT('',(114.3,2.5527E+03,9.525));
#1061 = DIRECTION('',(0.,0.,1.));
#1062 = DIRECTION('',(1.,0.,0.));
#1063 = PLANE('',#1064);
#1064 = AXIS2_PLACEMENT_3D('',#1065,#1066,#1067);
#1065 = CARTESIAN_POINT('',(-63.5,2.3749E+03,9.525));
#1066 = DIRECTION('',(0.,0.,1.));
#1067 = DIRECTION('',(1.,0.,0.));
#1068 = ADVANCED_FACE('',(#1069),#1087,.T.);
#1069 = FACE_BOUND('',#1070,.T.);
#1070 = EDGE_LOOP('',(#1071,#1079,#1080,#1081));
#1071 = ORIENTED_EDGE('',*,*,#1072,.F.);
#1072 = EDGE_CURVE('',#944,#1073,#1075,.T.);
#1073 = VERTEX_POINT('',#1074);
#1074 = CARTESIAN_POINT('',(139.7,2.5781E+03,0.));
#1075 = LINE('',#1076,#1077);
#1076 = CARTESIAN_POINT('',(-63.5,2.5781E+03,0.));
#1077 = VECTOR('',#1078,1.);
#1078 = DIRECTION('',(1.,0.,0.));
#1079 = ORIENTED_EDGE('',*,*,#951,.T.);
#1080 = ORIENTED_EDGE('',*,*,#1014,.T.);
#1081 = ORIENTED_EDGE('',*,*,#1082,.F.);
#1082 = EDGE_CURVE('',#1073,#1007,#1083,.T.);
#1083 = LINE('',#1084,#1085);
#1084 = CARTESIAN_POINT('',(139.7,2.5781E+03,0.));
#1085 = VECTOR('',#1086,1.);
#1086 = DIRECTION('',(0.,0.,1.));
#1087 = PLANE('',#1088);
#1088 = AXIS2_PLACEMENT_3D('',#1089,#1090,#1091);
#1089 = CARTESIAN_POINT('',(-63.5,2.5781E+03,0.));
#1090 = DIRECTION('',(0.,1.,0.));
#1091 = DIRECTION('',(0.,0.,1.));
#1092 = ADVANCED_FACE('',(#1093,#1104,#1115,#1126,#1137),#1148,.F.);
#1093 = FACE_BOUND('',#1094,.F.);
#1094 = EDGE_LOOP('',(#1095,#1096,#1097,#1103));
#1095 = ORIENTED_EDGE('',*,*,#943,.F.);
#1096 = ORIENTED_EDGE('',*,*,#973,.T.);
#1097 = ORIENTED_EDGE('',*,*,#1098,.T.);
#1098 = EDGE_CURVE('',#974,#1073,#1099,.T.);
#1099 = LINE('',#1100,#1101);
#1100 = CARTESIAN_POINT('',(139.7,2.3749E+03,0.));
#1101 = VECTOR('',#1102,1.);
#1102 = DIRECTION('',(0.,1.,0.));
#1103 = ORIENTED_EDGE('',*,*,#1072,.F.);
#1104 = FACE_BOUND('',#1105,.F.);
#1105 = EDGE_LOOP('',(#1106));
#1106 = ORIENTED_EDGE('',*,*,#1107,.F.);
#1107 = EDGE_CURVE('',#1108,#1108,#1110,.T.);
#1108 = VERTEX_POINT('',#1109);
#1109 = CARTESIAN_POINT('',(-31.75,2.4003E+03,0.));
#1110 = CIRCLE('',#1111,6.35);
#1111 = AXIS2_PLACEMENT_3D('',#1112,#1113,#1114);
#1112 = CARTESIAN_POINT('',(-38.1,2.4003E+03,0.));
#1113 = DIRECTION('',(0.,0.,1.));
#1114 = DIRECTION('',(1.,0.,0.));
#1115 = FACE_BOUND('',#1116,.F.);
#1116 = EDGE_LOOP('',(#1117));
#1117 = ORIENTED_EDGE('',*,*,#1118,.F.);
#1118 = EDGE_CURVE('',#1119,#1119,#1121,.T.);
#1119 = VERTEX_POINT('',#1120);
#1120 = CARTESIAN_POINT('',(120.65,2.4003E+03,0.));
#1121 = CIRCLE('',#1122,6.35);
#1122 = AXIS2_PLACEMENT_3D('',#1123,#1124,#1125);
#1123 = CARTESIAN_POINT('',(114.3,2.4003E+03,0.));
#1124 = DIRECTION('',(0.,0.,1.));
#1125 = DIRECTION('',(1.,0.,0.));
#1126 = FACE_BOUND('',#1127,.F.);
#1127 = EDGE_LOOP('',(#1128));
#1128 = ORIENTED_EDGE('',*,*,#1129,.F.);
#1129 = EDGE_CURVE('',#1130,#1130,#1132,.T.);
#1130 = VERTEX_POINT('',#1131);
#1131 = CARTESIAN_POINT('',(-31.75,2.5527E+03,0.));
#1132 = CIRCLE('',#1133,6.35);
#1133 = AXIS2_PLACEMENT_3D('',#1134,#1135,#1136);
#1134 = CARTESIAN_POINT('',(-38.1,2.5527E+03,0.));
#1135 = DIRECTION('',(0.,0.,1.));
#1136 = DIRECTION('',(1.,0.,0.));
#1137 = FACE_BOUND('',#1138,.F.);
#1138 = EDGE_LOOP('',(#1139));
#1139 = ORIENTED_EDGE('',*,*,#1140,.F.);
#1140 = EDGE_CURVE('',#1141,#1141,#1143,.T.);
#1141 = VERTEX_POINT('',#1142);
#1142 = CARTESIAN_POINT('',(120.65,2.5527E+03,0.));
#1143 = CIRCLE('',#1144,6.35);
#1144 = AXIS2_PLACEMENT_3D('',#1145,#1146,#1147);
#1145 = CARTESIAN_POINT('',(114.3,2.5527E+03,0.));
#1146 = DIRECTION('',(0.,0.,1.));
#1147 = DIRECTION('',(1.,0.,0.));
#1148 = PLANE('',#1149);
#1149 = AXIS2_PLACEMENT_3D('',#1150,#1151,#1152);
#1150 = CARTESIAN_POINT('',(-63.5,2.3749E+03,0.));
#1151 = DIRECTION('',(0.,0.,1.));
#1152 = DIRECTION('',(1.,0.,0.));
#1153 = ADVANCED_FACE('',(#1154),#1160,.T.);
#1154 = FACE_BOUND('',#1155,.T.);
#1155 = EDGE_LOOP('',(#1156,#1157,#1158,#1159));
#1156 = ORIENTED_EDGE('',*,*,#990,.F.);
#1157 = ORIENTED_EDGE('',*,*,#1098,.T.);
#1158 = ORIENTED_EDGE('',*,*,#1082,.T.);
#1159 = ORIENTED_EDGE('',*,*,#1006,.F.);
#1160 = PLANE('',#1161);
#1161 = AXIS2_PLACEMENT_3D('',#1162,#1163,#1164);
#1162 = CARTESIAN_POINT('',(139.7,2.3749E+03,0.));
#1163 = DIRECTION('',(1.,0.,0.));
#1164 = DIRECTION('',(0.,0.,1.));
#1165 = ADVANCED_FACE('',(#1166),#1177,.F.);
#1166 = FACE_BOUND('',#1167,.F.);
#1167 = EDGE_LOOP('',(#1168,#1169,#1175,#1176));
#1168 = ORIENTED_EDGE('',*,*,#1022,.F.);
#1169 = ORIENTED_EDGE('',*,*,#1170,.F.);
#1170 = EDGE_CURVE('',#1108,#1023,#1171,.T.);
#1171 = LINE('',#1172,#1173);
#1172 = CARTESIAN_POINT('',(-31.75,2.4003E+03,-5.));
#1173 = VECTOR('',#1174,1.);
#1174 = DIRECTION('',(0.,0.,1.));
#1175 = ORIENTED_EDGE('',*,*,#1107,.T.);
#1176 = ORIENTED_EDGE('',*,*,#1170,.T.);
#1177 = CYLINDRICAL_SURFACE('',#1178,6.35);
#1178 = AXIS2_PLACEMENT_3D('',#1179,#1180,#1181);
#1179 = CARTESIAN_POINT('',(-38.1,2.4003E+03,-5.));
#1180 = DIRECTION('',(0.,0.,1.));
#1181 = DIRECTION('',(1.,0.,0.));
#1182 = ADVANCED_FACE('',(#1183),#1194,.F.);
#1183 = FACE_BOUND('',#1184,.F.);
#1184 = EDGE_LOOP('',(#1185,#1186,#1192,#1193));
#1185 = ORIENTED_EDGE('',*,*,#1033,.F.);
#1186 = ORIENTED_EDGE('',*,*,#1187,.F.);
#1187 = EDGE_CURVE('',#1119,#1034,#1188,.T.);
#1188 = LINE('',#1189,#1190);
#1189 = CARTESIAN_POINT('',(120.65,2.4003E+03,-5.));
#1190 = VECTOR('',#1191,1.);
#1191 = DIRECTION('',(0.,0.,1.));
#1192 = ORIENTED_EDGE('',*,*,#1118,.T.);
#1193 = ORIENTED_EDGE('',*,*,#1187,.T.);
#1194 = CYLINDRICAL_SURFACE('',#1195,6.35);
#1195 = AXIS2_PLACEMENT_3D('',#1196,#1197,#1198);
#1196 = CARTESIAN_POINT('',(114.3,2.4003E+03,-5.));
#1197 = DIRECTION('',(0.,0.,1.));
#1198 = DIRECTION('',(1.,0.,0.));
#1199 = ADVANCED_FACE('',(#1200),#1211,.F.);
#1200 = FACE_BOUND('',#1201,.F.);
#1201 = EDGE_LOOP('',(#1202,#1203,#1209,#1210));
#1202 = ORIENTED_EDGE('',*,*,#1044,.F.);
#1203 = ORIENTED_EDGE('',*,*,#1204,.F.);
#1204 = EDGE_CURVE('',#1130,#1045,#1205,.T.);
#1205 = LINE('',#1206,#1207);
#1206 = CARTESIAN_POINT('',(-31.75,2.5527E+03,-5.));
#1207 = VECTOR('',#1208,1.);
#1208 = DIRECTION('',(0.,0.,1.));
#1209 = ORIENTED_EDGE('',*,*,#1129,.T.);
#1210 = ORIENTED_EDGE('',*,*,#1204,.T.);
#1211 = CYLINDRICAL_SURFACE('',#1212,6.35);
#1212 = AXIS2_PLACEMENT_3D('',#1213,#1214,#1215);
#1213 = CARTESIAN_POINT('',(-38.1,2.5527E+03,-5.));
#1214 = DIRECTION('',(0.,0.,1.));
#1215 = DIRECTION('',(1.,0.,0.));
#1216 = ADVANCED_FACE('',(#1217),#1228,.F.);
#1217 = FACE_BOUND('',#1218,.F.);
#1218 = EDGE_LOOP('',(#1219,#1220,#1226,#1227));
#1219 = ORIENTED_EDGE('',*,*,#1055,.F.);
#1220 = ORIENTED_EDGE('',*,*,#1221,.F.);
#1221 = EDGE_CURVE('',#1141,#1056,#1222,.T.);
#1222 = LINE('',#1223,#1224);
#1223 = CARTESIAN_POINT('',(120.65,2.5527E+03,-5.));
#1224 = VECTOR('',#1225,1.);
#1225 = DIRECTION('',(0.,0.,1.));
#1226 = ORIENTED_EDGE('',*,*,#1140,.T.);
#1227 = ORIENTED_EDGE('',*,*,#1221,.T.);
#1228 = CYLINDRICAL_SURFACE('',#1229,6.35);
#1229 = AXIS2_PLACEMENT_3D('',#1230,#1231,#1232);
#1230 = CARTESIAN_POINT('',(114.3,2.5527E+03,-5.));
#1231 = DIRECTION('',(0.,0.,1.));
#1232 = DIRECTION('',(1.,0.,0.));
#1233 = MANIFOLD_SOLID_BREP('',#1234);
#1234 = CLOSED_SHELL('',(#1235,#1275,#1315,#1337,#1359,#1371));
#1235 = ADVANCED_FACE('',(#1236),#1270,.F.);
#1236 = FACE_BOUND('',#1237,.F.);
#1237 = EDGE_LOOP('',(#1238,#1248,#1256,#1264));
#1238 = ORIENTED_EDGE('',*,*,#1239,.F.);
#1239 = EDGE_CURVE('',#1240,#1242,#1244,.T.);
#1240 = VERTEX_POINT('',#1241);
#1241 = CARTESIAN_POINT('',(0.,2.4384E+03,9.525));
#1242 = VERTEX_POINT('',#1243);
#1243 = CARTESIAN_POINT('',(0.,2.4384E+03,1.025525E+03));
#1244 = LINE('',#1245,#1246);
#1245 = CARTESIAN_POINT('',(0.,2.4384E+03,9.525));
#1246 = VECTOR('',#1247,1.);
#1247 = DIRECTION('',(0.,0.,1.));
#1248 = ORIENTED_EDGE('',*,*,#1249,.T.);
#1249 = EDGE_CURVE('',#1240,#1250,#1252,.T.);
#1250 = VERTEX_POINT('',#1251);
#1251 = CARTESIAN_POINT('',(0.,2.5146E+03,9.525));
#1252 = LINE('',#1253,#1254);
#1253 = CARTESIAN_POINT('',(0.,2.4384E+03,9.525));
#1254 = VECTOR('',#1255,1.);
#1255 = DIRECTION('',(0.,1.,0.));
#1256 = ORIENTED_EDGE('',*,*,#1257,.T.);
#1257 = EDGE_CURVE('',#1250,#1258,#1260,.T.);
#1258 = VERTEX_POINT('',#1259);
#1259 = CARTESIAN_POINT('',(0.,2.5146E+03,1.025525E+03));
#1260 = LINE('',#1261,#1262);
#1261 = CARTESIAN_POINT('',(0.,2.5146E+03,9.525));
#1262 = VECTOR('',#1263,1.);
#1263 = DIRECTION('',(0.,0.,1.));
#1264 = ORIENTED_EDGE('',*,*,#1265,.F.);
#1265 = EDGE_CURVE('',#1242,#1258,#1266,.T.);
#1266 = LINE('',#1267,#1268);
#1267 = CARTESIAN_POINT('',(0.,2.4384E+03,1.025525E+03));
#1268 = VECTOR('',#1269,1.);
#1269 = DIRECTION('',(0.,1.,0.));
#1270 = PLANE('',#1271);
#1271 = AXIS2_PLACEMENT_3D('',#1272,#1273,#1274);
#1272 = CARTESIAN_POINT('',(0.,2.4384E+03,9.525));
#1273 = DIRECTION('',(1.,0.,0.));
#1274 = DIRECTION('',(0.,0.,1.));
#1275 = ADVANCED_FACE('',(#1276),#1310,.T.);
#1276 = FACE_BOUND('',#1277,.T.);
#1277 = EDGE_LOOP('',(#1278,#1288,#1296,#1304));
#1278 = ORIENTED_EDGE('',*,*,#1279,.F.);
#1279 = EDGE_CURVE('',#1280,#1282,#1284,.T.);
#1280 = VERTEX_POINT('',#1281);
#1281 = CARTESIAN_POINT('',(76.2,2.4384E+03,9.525));
#1282 = VERTEX_POINT('',#1283);
#1283 = CARTESIAN_POINT('',(76.2,2.4384E+03,1.025525E+03));
#1284 = LINE('',#1285,#1286);
#1285 = CARTESIAN_POINT('',(76.2,2.4384E+03,9.525));
#1286 = VECTOR('',#1287,1.);
#1287 = DIRECTION('',(0.,0.,1.));
#1288 = ORIENTED_EDGE('',*,*,#1289,.T.);
#1289 = EDGE_CURVE('',#1280,#1290,#1292,.T.);
#1290 = VERTEX_POINT('',#1291);
#1291 = CARTESIAN_POINT('',(76.2,2.5146E+03,9.525));
#1292 = LINE('',#1293,#1294);
#1293 = CARTESIAN_POINT('',(76.2,2.4384E+03,9.525));
#1294 = VECTOR('',#1295,1.);
#1295 = DIRECTION('',(0.,1.,0.));
#1296 = ORIENTED_EDGE('',*,*,#1297,.T.);
#1297 = EDGE_CURVE('',#1290,#1298,#1300,.T.);
#1298 = VERTEX_POINT('',#1299);
#1299 = CARTESIAN_POINT('',(76.2,2.5146E+03,1.025525E+03));
#1300 = LINE('',#1301,#1302);
#1301 = CARTESIAN_POINT('',(76.2,2.5146E+03,9.525));
#1302 = VECTOR('',#1303,1.);
#1303 = DIRECTION('',(0.,0.,1.));
#1304 = ORIENTED_EDGE('',*,*,#1305,.F.);
#1305 = EDGE_CURVE('',#1282,#1298,#1306,.T.);
#1306 = LINE('',#1307,#1308);
#1307 = CARTESIAN_POINT('',(76.2,2.4384E+03,1.025525E+03));
#1308 = VECTOR('',#1309,1.);
#1309 = DIRECTION('',(0.,1.,0.));
#1310 = PLANE('',#1311);
#1311 = AXIS2_PLACEMENT_3D('',#1312,#1313,#1314);
#1312 = CARTESIAN_POINT('',(76.2,2.4384E+03,9.525));
#1313 = DIRECTION('',(1.,0.,0.));
#1314 = DIRECTION('',(0.,0.,1.));
#1315 = ADVANCED_FACE('',(#1316),#1332,.F.);
#1316 = FACE_BOUND('',#1317,.F.);
#1317 = EDGE_LOOP('',(#1318,#1324,#1325,#1331));
#1318 = ORIENTED_EDGE('',*,*,#1319,.F.);
#1319 = EDGE_CURVE('',#1240,#1280,#1320,.T.);
#1320 = LINE('',#1321,#1322);
#1321 = CARTESIAN_POINT('',(0.,2.4384E+03,9.525));
#1322 = VECTOR('',#1323,1.);
#1323 = DIRECTION('',(1.,0.,0.));
#1324 = ORIENTED_EDGE('',*,*,#1239,.T.);
#1325 = ORIENTED_EDGE('',*,*,#1326,.T.);
#1326 = EDGE_CURVE('',#1242,#1282,#1327,.T.);
#1327 = LINE('',#1328,#1329);
#1328 = CARTESIAN_POINT('',(0.,2.4384E+03,1.025525E+03));
#1329 = VECTOR('',#1330,1.);
#1330 = DIRECTION('',(1.,0.,0.));
#1331 = ORIENTED_EDGE('',*,*,#1279,.F.);
#1332 = PLANE('',#1333);
#1333 = AXIS2_PLACEMENT_3D('',#1334,#1335,#1336);
#1334 = CARTESIAN_POINT('',(0.,2.4384E+03,9.525));
#1335 = DIRECTION('',(0.,1.,0.));
#1336 = DIRECTION('',(0.,0.,1.));
#1337 = ADVANCED_FACE('',(#1338),#1354,.T.);
#1338 = FACE_BOUND('',#1339,.T.);
#1339 = EDGE_LOOP('',(#1340,#1346,#1347,#1353));
#1340 = ORIENTED_EDGE('',*,*,#1341,.F.);
#1341 = EDGE_CURVE('',#1250,#1290,#1342,.T.);
#1342 = LINE('',#1343,#1344);
#1343 = CARTESIAN_POINT('',(0.,2.5146E+03,9.525));
#1344 = VECTOR('',#1345,1.);
#1345 = DIRECTION('',(1.,0.,0.));
#1346 = ORIENTED_EDGE('',*,*,#1257,.T.);
#1347 = ORIENTED_EDGE('',*,*,#1348,.T.);
#1348 = EDGE_CURVE('',#1258,#1298,#1349,.T.);
#1349 = LINE('',#1350,#1351);
#1350 = CARTESIAN_POINT('',(0.,2.5146E+03,1.025525E+03));
#1351 = VECTOR('',#1352,1.);
#1352 = DIRECTION('',(1.,0.,0.));
#1353 = ORIENTED_EDGE('',*,*,#1297,.F.);
#1354 = PLANE('',#1355);
#1355 = AXIS2_PLACEMENT_3D('',#1356,#1357,#1358);
#1356 = CARTESIAN_POINT('',(0.,2.5146E+03,9.525));
#1357 = DIRECTION('',(0.,1.,0.));
#1358 = DIRECTION('',(0.,0.,1.));
#1359 = ADVANCED_FACE('',(#1360),#1366,.F.);
#1360 = FACE_BOUND('',#1361,.F.);
#1361 = EDGE_LOOP('',(#1362,#1363,#1364,#1365));
#1362 = ORIENTED_EDGE('',*,*,#1249,.F.);
#1363 = ORIENTED_EDGE('',*,*,#1319,.T.);
#1364 = ORIENTED_EDGE('',*,*,#1289,.T.);
#1365 = ORIENTED_EDGE('',*,*,#1341,.F.);
#1366 = PLANE('',#1367);
#1367 = AXIS2_PLACEMENT_3D('',#1368,#1369,#1370);
#1368 = CARTESIAN_POINT('',(0.,2.4384E+03,9.525));
#1369 = DIRECTION('',(0.,0.,1.));
#1370 = DIRECTION('',(1.,0.,0.));
#1371 = ADVANCED_FACE('',(#1372),#1378,.T.);
#1372 = FACE_BOUND('',#1373,.T.);
#1373 = EDGE_LOOP('',(#1374,#1375,#1376,#1377));
#1374 = ORIENTED_EDGE('',*,*,#1265,.F.);
#1375 = ORIENTED_EDGE('',*,*,#1326,.T.);
#1376 = ORIENTED_EDGE('',*,*,#1305,.T.);
#1377 = ORIENTED_EDGE('',*,*,#1348,.F.);
#1378 = PLANE('',#1379);
#1379 = AXIS2_PLACEMENT_3D('',#1380,#1381,#1382);
#1380 = CARTESIAN_POINT('',(0.,2.4384E+03,1.025525E+03));
#1381 = DIRECTION('',(0.,0.,1.));
#1382 = DIRECTION('',(1.,0.,0.));
#1383 = MANIFOLD_SOLID_BREP('',#1384);
#1384 = CLOSED_SHELL('',(#1385,#1425,#1456,#1579,#1603,#1719,#1731,#1756
    ,#1781,#1806,#1831,#1856,#1881,#1906,#1931,#1956,#1973,#1990,#2007,
    #2024,#2041,#2058,#2075,#2092));
#1385 = ADVANCED_FACE('',(#1386),#1420,.F.);
#1386 = FACE_BOUND('',#1387,.F.);
#1387 = EDGE_LOOP('',(#1388,#1398,#1406,#1414));
#1388 = ORIENTED_EDGE('',*,*,#1389,.F.);
#1389 = EDGE_CURVE('',#1390,#1392,#1394,.T.);
#1390 = VERTEX_POINT('',#1391);
#1391 = CARTESIAN_POINT('',(0.,-76.2,1.025525E+03));
#1392 = VERTEX_POINT('',#1393);
#1393 = CARTESIAN_POINT('',(0.,-76.2,1.076325E+03));
#1394 = LINE('',#1395,#1396);
#1395 = CARTESIAN_POINT('',(0.,-76.2,1.025525E+03));
#1396 = VECTOR('',#1397,1.);
#1397 = DIRECTION('',(0.,0.,1.));
#1398 = ORIENTED_EDGE('',*,*,#1399,.T.);
#1399 = EDGE_CURVE('',#1390,#1400,#1402,.T.);
#1400 = VERTEX_POINT('',#1401);
#1401 = CARTESIAN_POINT('',(0.,2.5908E+03,1.025525E+03));
#1402 = LINE('',#1403,#1404);
#1403 = CARTESIAN_POINT('',(0.,-76.2,1.025525E+03));
#1404 = VECTOR('',#1405,1.);
#1405 = DIRECTION('',(0.,1.,0.));
#1406 = ORIENTED_EDGE('',*,*,#1407,.T.);
#1407 = EDGE_CURVE('',#1400,#1408,#1410,.T.);
#1408 = VERTEX_POINT('',#1409);
#1409 = CARTESIAN_POINT('',(0.,2.5908E+03,1.076325E+03));
#1410 = LINE('',#1411,#1412);
#1411 = CARTESIAN_POINT('',(0.,2.5908E+03,1.025525E+03));
#1412 = VECTOR('',#1413,1.);
#1413 = DIRECTION('',(0.,0.,1.));
#1414 = ORIENTED_EDGE('',*,*,#1415,.F.);
#1415 = EDGE_CURVE('',#1392,#1408,#1416,.T.);
#1416 = LINE('',#1417,#1418);
#1417 = CARTESIAN_POINT('',(0.,-76.2,1.076325E+03));
#1418 = VECTOR('',#1419,1.);
#1419 = DIRECTION('',(0.,1.,0.));
#1420 = PLANE('',#1421);
#1421 = AXIS2_PLACEMENT_3D('',#1422,#1423,#1424);
#1422 = CARTESIAN_POINT('',(0.,-76.2,1.025525E+03));
#1423 = DIRECTION('',(1.,0.,0.));
#1424 = DIRECTION('',(0.,0.,1.));
#1425 = ADVANCED_FACE('',(#1426),#1451,.F.);
#1426 = FACE_BOUND('',#1427,.F.);
#1427 = EDGE_LOOP('',(#1428,#1436,#1437,#1445));
#1428 = ORIENTED_EDGE('',*,*,#1429,.F.);
#1429 = EDGE_CURVE('',#1390,#1430,#1432,.T.);
#1430 = VERTEX_POINT('',#1431);
#1431 = CARTESIAN_POINT('',(76.2,-76.2,1.025525E+03));
#1432 = LINE('',#1433,#1434);
#1433 = CARTESIAN_POINT('',(0.,-76.2,1.025525E+03));
#1434 = VECTOR('',#1435,1.);
#1435 = DIRECTION('',(1.,0.,0.));
#1436 = ORIENTED_EDGE('',*,*,#1389,.T.);
#1437 = ORIENTED_EDGE('',*,*,#1438,.T.);
#1438 = EDGE_CURVE('',#1392,#1439,#1441,.T.);
#1439 = VERTEX_POINT('',#1440);
#1440 = CARTESIAN_POINT('',(76.2,-76.2,1.076325E+03));
#1441 = LINE('',#1442,#1443);
#1442 = CARTESIAN_POINT('',(0.,-76.2,1.076325E+03));
#1443 = VECTOR('',#1444,1.);
#1444 = DIRECTION('',(1.,0.,0.));
#1445 = ORIENTED_EDGE('',*,*,#1446,.F.);
#1446 = EDGE_CURVE('',#1430,#1439,#1447,.T.);
#1447 = LINE('',#1448,#1449);
#1448 = CARTESIAN_POINT('',(76.2,-76.2,1.025525E+03));
#1449 = VECTOR('',#1450,1.);
#1450 = DIRECTION('',(0.,0.,1.));
#1451 = PLANE('',#1452);
#1452 = AXIS2_PLACEMENT_3D('',#1453,#1454,#1455);
#1453 = CARTESIAN_POINT('',(0.,-76.2,1.025525E+03));
#1454 = DIRECTION('',(0.,1.,0.));
#1455 = DIRECTION('',(0.,0.,1.));
#1456 = ADVANCED_FACE('',(#1457,#1475,#1486,#1497,#1508,#1519,#1530,
    #1541,#1552,#1563),#1574,.T.);
#1457 = FACE_BOUND('',#1458,.T.);
#1458 = EDGE_LOOP('',(#1459,#1460,#1461,#1469));
#1459 = ORIENTED_EDGE('',*,*,#1415,.F.);
#1460 = ORIENTED_EDGE('',*,*,#1438,.T.);
#1461 = ORIENTED_EDGE('',*,*,#1462,.T.);
#1462 = EDGE_CURVE('',#1439,#1463,#1465,.T.);
#1463 = VERTEX_POINT('',#1464);
#1464 = CARTESIAN_POINT('',(76.2,2.5908E+03,1.076325E+03));
#1465 = LINE('',#1466,#1467);
#1466 = CARTESIAN_POINT('',(76.2,-76.2,1.076325E+03));
#1467 = VECTOR('',#1468,1.);
#1468 = DIRECTION('',(0.,1.,0.));
#1469 = ORIENTED_EDGE('',*,*,#1470,.F.);
#1470 = EDGE_CURVE('',#1408,#1463,#1471,.T.);
#1471 = LINE('',#1472,#1473);
#1472 = CARTESIAN_POINT('',(0.,2.5908E+03,1.076325E+03));
#1473 = VECTOR('',#1474,1.);
#1474 = DIRECTION('',(1.,0.,0.));
#1475 = FACE_BOUND('',#1476,.T.);
#1476 = EDGE_LOOP('',(#1477));
#1477 = ORIENTED_EDGE('',*,*,#1478,.F.);
#1478 = EDGE_CURVE('',#1479,#1479,#1481,.T.);
#1479 = VERTEX_POINT('',#1480);
#1480 = CARTESIAN_POINT('',(47.752,76.2,1.076325E+03));
#1481 = CIRCLE('',#1482,9.652);
#1482 = AXIS2_PLACEMENT_3D('',#1483,#1484,#1485);
#1483 = CARTESIAN_POINT('',(38.1,76.2,1.076325E+03));
#1484 = DIRECTION('',(0.,0.,1.));
#1485 = DIRECTION('',(1.,0.,0.));
#1486 = FACE_BOUND('',#1487,.T.);
#1487 = EDGE_LOOP('',(#1488));
#1488 = ORIENTED_EDGE('',*,*,#1489,.F.);
#1489 = EDGE_CURVE('',#1490,#1490,#1492,.T.);
#1490 = VERTEX_POINT('',#1491);
#1491 = CARTESIAN_POINT('',(47.752,381.,1.076325E+03));
#1492 = CIRCLE('',#1493,9.652);
#1493 = AXIS2_PLACEMENT_3D('',#1494,#1495,#1496);
#1494 = CARTESIAN_POINT('',(38.1,381.,1.076325E+03));
#1495 = DIRECTION('',(0.,0.,1.));
#1496 = DIRECTION('',(1.,0.,0.));
#1497 = FACE_BOUND('',#1498,.T.);
#1498 = EDGE_LOOP('',(#1499));
#1499 = ORIENTED_EDGE('',*,*,#1500,.F.);
#1500 = EDGE_CURVE('',#1501,#1501,#1503,.T.);
#1501 = VERTEX_POINT('',#1502);
#1502 = CARTESIAN_POINT('',(47.752,685.8,1.076325E+03));
#1503 = CIRCLE('',#1504,9.652);
#1504 = AXIS2_PLACEMENT_3D('',#1505,#1506,#1507);
#1505 = CARTESIAN_POINT('',(38.1,685.8,1.076325E+03));
#1506 = DIRECTION('',(0.,0.,1.));
#1507 = DIRECTION('',(1.,0.,0.));
#1508 = FACE_BOUND('',#1509,.T.);
#1509 = EDGE_LOOP('',(#1510));
#1510 = ORIENTED_EDGE('',*,*,#1511,.F.);
#1511 = EDGE_CURVE('',#1512,#1512,#1514,.T.);
#1512 = VERTEX_POINT('',#1513);
#1513 = CARTESIAN_POINT('',(47.752,990.6,1.076325E+03));
#1514 = CIRCLE('',#1515,9.652);
#1515 = AXIS2_PLACEMENT_3D('',#1516,#1517,#1518);
#1516 = CARTESIAN_POINT('',(38.1,990.6,1.076325E+03));
#1517 = DIRECTION('',(0.,0.,1.));
#1518 = DIRECTION('',(1.,0.,0.));
#1519 = FACE_BOUND('',#1520,.T.);
#1520 = EDGE_LOOP('',(#1521));
#1521 = ORIENTED_EDGE('',*,*,#1522,.F.);
#1522 = EDGE_CURVE('',#1523,#1523,#1525,.T.);
#1523 = VERTEX_POINT('',#1524);
#1524 = CARTESIAN_POINT('',(47.752,1.2954E+03,1.076325E+03));
#1525 = CIRCLE('',#1526,9.652);
#1526 = AXIS2_PLACEMENT_3D('',#1527,#1528,#1529);
#1527 = CARTESIAN_POINT('',(38.1,1.2954E+03,1.076325E+03));
#1528 = DIRECTION('',(0.,0.,1.));
#1529 = DIRECTION('',(1.,0.,0.));
#1530 = FACE_BOUND('',#1531,.T.);
#1531 = EDGE_LOOP('',(#1532));
#1532 = ORIENTED_EDGE('',*,*,#1533,.F.);
#1533 = EDGE_CURVE('',#1534,#1534,#1536,.T.);
#1534 = VERTEX_POINT('',#1535);
#1535 = CARTESIAN_POINT('',(47.752,1.6002E+03,1.076325E+03));
#1536 = CIRCLE('',#1537,9.652);
#1537 = AXIS2_PLACEMENT_3D('',#1538,#1539,#1540);
#1538 = CARTESIAN_POINT('',(38.1,1.6002E+03,1.076325E+03));
#1539 = DIRECTION('',(0.,0.,1.));
#1540 = DIRECTION('',(1.,0.,0.));
#1541 = FACE_BOUND('',#1542,.T.);
#1542 = EDGE_LOOP('',(#1543));
#1543 = ORIENTED_EDGE('',*,*,#1544,.F.);
#1544 = EDGE_CURVE('',#1545,#1545,#1547,.T.);
#1545 = VERTEX_POINT('',#1546);
#1546 = CARTESIAN_POINT('',(47.752,1.905E+03,1.076325E+03));
#1547 = CIRCLE('',#1548,9.652);
#1548 = AXIS2_PLACEMENT_3D('',#1549,#1550,#1551);
#1549 = CARTESIAN_POINT('',(38.1,1.905E+03,1.076325E+03));
#1550 = DIRECTION('',(0.,0.,1.));
#1551 = DIRECTION('',(1.,0.,0.));
#1552 = FACE_BOUND('',#1553,.T.);
#1553 = EDGE_LOOP('',(#1554));
#1554 = ORIENTED_EDGE('',*,*,#1555,.F.);
#1555 = EDGE_CURVE('',#1556,#1556,#1558,.T.);
#1556 = VERTEX_POINT('',#1557);
#1557 = CARTESIAN_POINT('',(47.752,2.2098E+03,1.076325E+03));
#1558 = CIRCLE('',#1559,9.652);
#1559 = AXIS2_PLACEMENT_3D('',#1560,#1561,#1562);
#1560 = CARTESIAN_POINT('',(38.1,2.2098E+03,1.076325E+03));
#1561 = DIRECTION('',(0.,0.,1.));
#1562 = DIRECTION('',(1.,0.,0.));
#1563 = FACE_BOUND('',#1564,.T.);
#1564 = EDGE_LOOP('',(#1565));
#1565 = ORIENTED_EDGE('',*,*,#1566,.F.);
#1566 = EDGE_CURVE('',#1567,#1567,#1569,.T.);
#1567 = VERTEX_POINT('',#1568);
#1568 = CARTESIAN_POINT('',(47.752,2.5146E+03,1.076325E+03));
#1569 = CIRCLE('',#1570,9.652);
#1570 = AXIS2_PLACEMENT_3D('',#1571,#1572,#1573);
#1571 = CARTESIAN_POINT('',(38.1,2.5146E+03,1.076325E+03));
#1572 = DIRECTION('',(0.,0.,1.));
#1573 = DIRECTION('',(1.,0.,0.));
#1574 = PLANE('',#1575);
#1575 = AXIS2_PLACEMENT_3D('',#1576,#1577,#1578);
#1576 = CARTESIAN_POINT('',(0.,-76.2,1.076325E+03));
#1577 = DIRECTION('',(0.,0.,1.));
#1578 = DIRECTION('',(1.,0.,0.));
#1579 = ADVANCED_FACE('',(#1580),#1598,.T.);
#1580 = FACE_BOUND('',#1581,.T.);
#1581 = EDGE_LOOP('',(#1582,#1590,#1591,#1592));
#1582 = ORIENTED_EDGE('',*,*,#1583,.F.);
#1583 = EDGE_CURVE('',#1400,#1584,#1586,.T.);
#1584 = VERTEX_POINT('',#1585);
#1585 = CARTESIAN_POINT('',(76.2,2.5908E+03,1.025525E+03));
#1586 = LINE('',#1587,#1588);
#1587 = CARTESIAN_POINT('',(0.,2.5908E+03,1.025525E+03));
#1588 = VECTOR('',#1589,1.);
#1589 = DIRECTION('',(1.,0.,0.));
#1590 = ORIENTED_EDGE('',*,*,#1407,.T.);
#1591 = ORIENTED_EDGE('',*,*,#1470,.T.);
#1592 = ORIENTED_EDGE('',*,*,#1593,.F.);
#1593 = EDGE_CURVE('',#1584,#1463,#1594,.T.);
#1594 = LINE('',#1595,#1596);
#1595 = CARTESIAN_POINT('',(76.2,2.5908E+03,1.025525E+03));
#1596 = VECTOR('',#1597,1.);
#1597 = DIRECTION('',(0.,0.,1.));
#1598 = PLANE('',#1599);
#1599 = AXIS2_PLACEMENT_3D('',#1600,#1601,#1602);
#1600 = CARTESIAN_POINT('',(0.,2.5908E+03,1.025525E+03));
#1601 = DIRECTION('',(0.,1.,0.));
#1602 = DIRECTION('',(0.,0.,1.));
#1603 = ADVANCED_FACE('',(#1604,#1615,#1626,#1637,#1648,#1659,#1670,
    #1681,#1692,#1703),#1714,.F.);
#1604 = FACE_BOUND('',#1605,.F.);
#1605 = EDGE_LOOP('',(#1606,#1607,#1608,#1614));
#1606 = ORIENTED_EDGE('',*,*,#1399,.F.);
#1607 = ORIENTED_EDGE('',*,*,#1429,.T.);
#1608 = ORIENTED_EDGE('',*,*,#1609,.T.);
#1609 = EDGE_CURVE('',#1430,#1584,#1610,.T.);
#1610 = LINE('',#1611,#1612);
#1611 = CARTESIAN_POINT('',(76.2,-76.2,1.025525E+03));
#1612 = VECTOR('',#1613,1.);
#1613 = DIRECTION('',(0.,1.,0.));
#1614 = ORIENTED_EDGE('',*,*,#1583,.F.);
#1615 = FACE_BOUND('',#1616,.F.);
#1616 = EDGE_LOOP('',(#1617));
#1617 = ORIENTED_EDGE('',*,*,#1618,.F.);
#1618 = EDGE_CURVE('',#1619,#1619,#1621,.T.);
#1619 = VERTEX_POINT('',#1620);
#1620 = CARTESIAN_POINT('',(43.2562,76.2,1.025525E+03));
#1621 = CIRCLE('',#1622,5.1562);
#1622 = AXIS2_PLACEMENT_3D('',#1623,#1624,#1625);
#1623 = CARTESIAN_POINT('',(38.1,76.2,1.025525E+03));
#1624 = DIRECTION('',(0.,0.,1.));
#1625 = DIRECTION('',(1.,0.,0.));
#1626 = FACE_BOUND('',#1627,.F.);
#1627 = EDGE_LOOP('',(#1628));
#1628 = ORIENTED_EDGE('',*,*,#1629,.F.);
#1629 = EDGE_CURVE('',#1630,#1630,#1632,.T.);
#1630 = VERTEX_POINT('',#1631);
#1631 = CARTESIAN_POINT('',(43.2562,381.,1.025525E+03));
#1632 = CIRCLE('',#1633,5.1562);
#1633 = AXIS2_PLACEMENT_3D('',#1634,#1635,#1636);
#1634 = CARTESIAN_POINT('',(38.1,381.,1.025525E+03));
#1635 = DIRECTION('',(0.,0.,1.));
#1636 = DIRECTION('',(1.,0.,0.));
#1637 = FACE_BOUND('',#1638,.F.);
#1638 = EDGE_LOOP('',(#1639));
#1639 = ORIENTED_EDGE('',*,*,#1640,.F.);
#1640 = EDGE_CURVE('',#1641,#1641,#1643,.T.);
#1641 = VERTEX_POINT('',#1642);
#1642 = CARTESIAN_POINT('',(43.2562,685.8,1.025525E+03));
#1643 = CIRCLE('',#1644,5.1562);
#1644 = AXIS2_PLACEMENT_3D('',#1645,#1646,#1647);
#1645 = CARTESIAN_POINT('',(38.1,685.8,1.025525E+03));
#1646 = DIRECTION('',(0.,0.,1.));
#1647 = DIRECTION('',(1.,0.,0.));
#1648 = FACE_BOUND('',#1649,.F.);
#1649 = EDGE_LOOP('',(#1650));
#1650 = ORIENTED_EDGE('',*,*,#1651,.F.);
#1651 = EDGE_CURVE('',#1652,#1652,#1654,.T.);
#1652 = VERTEX_POINT('',#1653);
#1653 = CARTESIAN_POINT('',(43.2562,990.6,1.025525E+03));
#1654 = CIRCLE('',#1655,5.1562);
#1655 = AXIS2_PLACEMENT_3D('',#1656,#1657,#1658);
#1656 = CARTESIAN_POINT('',(38.1,990.6,1.025525E+03));
#1657 = DIRECTION('',(0.,0.,1.));
#1658 = DIRECTION('',(1.,0.,0.));
#1659 = FACE_BOUND('',#1660,.F.);
#1660 = EDGE_LOOP('',(#1661));
#1661 = ORIENTED_EDGE('',*,*,#1662,.F.);
#1662 = EDGE_CURVE('',#1663,#1663,#1665,.T.);
#1663 = VERTEX_POINT('',#1664);
#1664 = CARTESIAN_POINT('',(43.2562,1.2954E+03,1.025525E+03));
#1665 = CIRCLE('',#1666,5.1562);
#1666 = AXIS2_PLACEMENT_3D('',#1667,#1668,#1669);
#1667 = CARTESIAN_POINT('',(38.1,1.2954E+03,1.025525E+03));
#1668 = DIRECTION('',(0.,0.,1.));
#1669 = DIRECTION('',(1.,0.,0.));
#1670 = FACE_BOUND('',#1671,.F.);
#1671 = EDGE_LOOP('',(#1672));
#1672 = ORIENTED_EDGE('',*,*,#1673,.F.);
#1673 = EDGE_CURVE('',#1674,#1674,#1676,.T.);
#1674 = VERTEX_POINT('',#1675);
#1675 = CARTESIAN_POINT('',(43.2562,1.6002E+03,1.025525E+03));
#1676 = CIRCLE('',#1677,5.1562);
#1677 = AXIS2_PLACEMENT_3D('',#1678,#1679,#1680);
#1678 = CARTESIAN_POINT('',(38.1,1.6002E+03,1.025525E+03));
#1679 = DIRECTION('',(0.,0.,1.));
#1680 = DIRECTION('',(1.,0.,0.));
#1681 = FACE_BOUND('',#1682,.F.);
#1682 = EDGE_LOOP('',(#1683));
#1683 = ORIENTED_EDGE('',*,*,#1684,.F.);
#1684 = EDGE_CURVE('',#1685,#1685,#1687,.T.);
#1685 = VERTEX_POINT('',#1686);
#1686 = CARTESIAN_POINT('',(43.2562,1.905E+03,1.025525E+03));
#1687 = CIRCLE('',#1688,5.1562);
#1688 = AXIS2_PLACEMENT_3D('',#1689,#1690,#1691);
#1689 = CARTESIAN_POINT('',(38.1,1.905E+03,1.025525E+03));
#1690 = DIRECTION('',(0.,0.,1.));
#1691 = DIRECTION('',(1.,0.,0.));
#1692 = FACE_BOUND('',#1693,.F.);
#1693 = EDGE_LOOP('',(#1694));
#1694 = ORIENTED_EDGE('',*,*,#1695,.F.);
#1695 = EDGE_CURVE('',#1696,#1696,#1698,.T.);
#1696 = VERTEX_POINT('',#1697);
#1697 = CARTESIAN_POINT('',(43.2562,2.2098E+03,1.025525E+03));
#1698 = CIRCLE('',#1699,5.1562);
#1699 = AXIS2_PLACEMENT_3D('',#1700,#1701,#1702);
#1700 = CARTESIAN_POINT('',(38.1,2.2098E+03,1.025525E+03));
#1701 = DIRECTION('',(0.,0.,1.));
#1702 = DIRECTION('',(1.,0.,0.));
#1703 = FACE_BOUND('',#1704,.F.);
#1704 = EDGE_LOOP('',(#1705));
#1705 = ORIENTED_EDGE('',*,*,#1706,.F.);
#1706 = EDGE_CURVE('',#1707,#1707,#1709,.T.);
#1707 = VERTEX_POINT('',#1708);
#1708 = CARTESIAN_POINT('',(43.2562,2.5146E+03,1.025525E+03));
#1709 = CIRCLE('',#1710,5.1562);
#1710 = AXIS2_PLACEMENT_3D('',#1711,#1712,#1713);
#1711 = CARTESIAN_POINT('',(38.1,2.5146E+03,1.025525E+03));
#1712 = DIRECTION('',(0.,0.,1.));
#1713 = DIRECTION('',(1.,0.,0.));
#1714 = PLANE('',#1715);
#1715 = AXIS2_PLACEMENT_3D('',#1716,#1717,#1718);
#1716 = CARTESIAN_POINT('',(0.,-76.2,1.025525E+03));
#1717 = DIRECTION('',(0.,0.,1.));
#1718 = DIRECTION('',(1.,0.,0.));
#1719 = ADVANCED_FACE('',(#1720),#1726,.T.);
#1720 = FACE_BOUND('',#1721,.T.);
#1721 = EDGE_LOOP('',(#1722,#1723,#1724,#1725));
#1722 = ORIENTED_EDGE('',*,*,#1446,.F.);
#1723 = ORIENTED_EDGE('',*,*,#1609,.T.);
#1724 = ORIENTED_EDGE('',*,*,#1593,.T.);
#1725 = ORIENTED_EDGE('',*,*,#1462,.F.);
#1726 = PLANE('',#1727);
#1727 = AXIS2_PLACEMENT_3D('',#1728,#1729,#1730);
#1728 = CARTESIAN_POINT('',(76.2,-76.2,1.025525E+03));
#1729 = DIRECTION('',(1.,0.,0.));
#1730 = DIRECTION('',(0.,0.,1.));
#1731 = ADVANCED_FACE('',(#1732),#1751,.F.);
#1732 = FACE_BOUND('',#1733,.F.);
#1733 = EDGE_LOOP('',(#1734,#1735,#1743,#1750));
#1734 = ORIENTED_EDGE('',*,*,#1478,.F.);
#1735 = ORIENTED_EDGE('',*,*,#1736,.F.);
#1736 = EDGE_CURVE('',#1737,#1479,#1739,.T.);
#1737 = VERTEX_POINT('',#1738);
#1738 = CARTESIAN_POINT('',(43.2562,76.2,1.0710672E+03));
#1739 = LINE('',#1740,#1741);
#1740 = CARTESIAN_POINT('',(43.2562,76.2,1.0710672E+03));
#1741 = VECTOR('',#1742,1.);
#1742 = DIRECTION('',(0.649883793021,-1.591756213881E-16,0.760033588448)
  );
#1743 = ORIENTED_EDGE('',*,*,#1744,.T.);
#1744 = EDGE_CURVE('',#1737,#1737,#1745,.T.);
#1745 = CIRCLE('',#1746,5.1562);
#1746 = AXIS2_PLACEMENT_3D('',#1747,#1748,#1749);
#1747 = CARTESIAN_POINT('',(38.1,76.2,1.0710672E+03));
#1748 = DIRECTION('',(0.,0.,1.));
#1749 = DIRECTION('',(1.,0.,0.));
#1750 = ORIENTED_EDGE('',*,*,#1736,.T.);
#1751 = CONICAL_SURFACE('',#1752,5.1562,0.707431529566);
#1752 = AXIS2_PLACEMENT_3D('',#1753,#1754,#1755);
#1753 = CARTESIAN_POINT('',(38.1,76.2,1.0710672E+03));
#1754 = DIRECTION('',(0.,0.,1.));
#1755 = DIRECTION('',(1.,0.,0.));
#1756 = ADVANCED_FACE('',(#1757),#1776,.F.);
#1757 = FACE_BOUND('',#1758,.F.);
#1758 = EDGE_LOOP('',(#1759,#1760,#1768,#1775));
#1759 = ORIENTED_EDGE('',*,*,#1489,.F.);
#1760 = ORIENTED_EDGE('',*,*,#1761,.F.);
#1761 = EDGE_CURVE('',#1762,#1490,#1764,.T.);
#1762 = VERTEX_POINT('',#1763);
#1763 = CARTESIAN_POINT('',(43.2562,381.,1.0710672E+03));
#1764 = LINE('',#1765,#1766);
#1765 = CARTESIAN_POINT('',(43.2562,381.,1.0710672E+03));
#1766 = VECTOR('',#1767,1.);
#1767 = DIRECTION('',(0.649883793021,-1.591756213881E-16,0.760033588448)
  );
#1768 = ORIENTED_EDGE('',*,*,#1769,.T.);
#1769 = EDGE_CURVE('',#1762,#1762,#1770,.T.);
#1770 = CIRCLE('',#1771,5.1562);
#1771 = AXIS2_PLACEMENT_3D('',#1772,#1773,#1774);
#1772 = CARTESIAN_POINT('',(38.1,381.,1.0710672E+03));
#1773 = DIRECTION('',(0.,0.,1.));
#1774 = DIRECTION('',(1.,0.,0.));
#1775 = ORIENTED_EDGE('',*,*,#1761,.T.);
#1776 = CONICAL_SURFACE('',#1777,5.1562,0.707431529566);
#1777 = AXIS2_PLACEMENT_3D('',#1778,#1779,#1780);
#1778 = CARTESIAN_POINT('',(38.1,381.,1.0710672E+03));
#1779 = DIRECTION('',(0.,0.,1.));
#1780 = DIRECTION('',(1.,0.,0.));
#1781 = ADVANCED_FACE('',(#1782),#1801,.F.);
#1782 = FACE_BOUND('',#1783,.F.);
#1783 = EDGE_LOOP('',(#1784,#1785,#1793,#1800));
#1784 = ORIENTED_EDGE('',*,*,#1500,.F.);
#1785 = ORIENTED_EDGE('',*,*,#1786,.F.);
#1786 = EDGE_CURVE('',#1787,#1501,#1789,.T.);
#1787 = VERTEX_POINT('',#1788);
#1788 = CARTESIAN_POINT('',(43.2562,685.8,1.0710672E+03));
#1789 = LINE('',#1790,#1791);
#1790 = CARTESIAN_POINT('',(43.2562,685.8,1.0710672E+03));
#1791 = VECTOR('',#1792,1.);
#1792 = DIRECTION('',(0.649883793021,-1.591756213881E-16,0.760033588448)
  );
#1793 = ORIENTED_EDGE('',*,*,#1794,.T.);
#1794 = EDGE_CURVE('',#1787,#1787,#1795,.T.);
#1795 = CIRCLE('',#1796,5.1562);
#1796 = AXIS2_PLACEMENT_3D('',#1797,#1798,#1799);
#1797 = CARTESIAN_POINT('',(38.1,685.8,1.0710672E+03));
#1798 = DIRECTION('',(0.,0.,1.));
#1799 = DIRECTION('',(1.,0.,0.));
#1800 = ORIENTED_EDGE('',*,*,#1786,.T.);
#1801 = CONICAL_SURFACE('',#1802,5.1562,0.707431529566);
#1802 = AXIS2_PLACEMENT_3D('',#1803,#1804,#1805);
#1803 = CARTESIAN_POINT('',(38.1,685.8,1.0710672E+03));
#1804 = DIRECTION('',(0.,0.,1.));
#1805 = DIRECTION('',(1.,0.,0.));
#1806 = ADVANCED_FACE('',(#1807),#1826,.F.);
#1807 = FACE_BOUND('',#1808,.F.);
#1808 = EDGE_LOOP('',(#1809,#1810,#1818,#1825));
#1809 = ORIENTED_EDGE('',*,*,#1511,.F.);
#1810 = ORIENTED_EDGE('',*,*,#1811,.F.);
#1811 = EDGE_CURVE('',#1812,#1512,#1814,.T.);
#1812 = VERTEX_POINT('',#1813);
#1813 = CARTESIAN_POINT('',(43.2562,990.6,1.0710672E+03));
#1814 = LINE('',#1815,#1816);
#1815 = CARTESIAN_POINT('',(43.2562,990.6,1.0710672E+03));
#1816 = VECTOR('',#1817,1.);
#1817 = DIRECTION('',(0.649883793021,-1.591756213881E-16,0.760033588448)
  );
#1818 = ORIENTED_EDGE('',*,*,#1819,.T.);
#1819 = EDGE_CURVE('',#1812,#1812,#1820,.T.);
#1820 = CIRCLE('',#1821,5.1562);
#1821 = AXIS2_PLACEMENT_3D('',#1822,#1823,#1824);
#1822 = CARTESIAN_POINT('',(38.1,990.6,1.0710672E+03));
#1823 = DIRECTION('',(0.,0.,1.));
#1824 = DIRECTION('',(1.,0.,0.));
#1825 = ORIENTED_EDGE('',*,*,#1811,.T.);
#1826 = CONICAL_SURFACE('',#1827,5.1562,0.707431529566);
#1827 = AXIS2_PLACEMENT_3D('',#1828,#1829,#1830);
#1828 = CARTESIAN_POINT('',(38.1,990.6,1.0710672E+03));
#1829 = DIRECTION('',(0.,0.,1.));
#1830 = DIRECTION('',(1.,0.,0.));
#1831 = ADVANCED_FACE('',(#1832),#1851,.F.);
#1832 = FACE_BOUND('',#1833,.F.);
#1833 = EDGE_LOOP('',(#1834,#1835,#1843,#1850));
#1834 = ORIENTED_EDGE('',*,*,#1522,.F.);
#1835 = ORIENTED_EDGE('',*,*,#1836,.F.);
#1836 = EDGE_CURVE('',#1837,#1523,#1839,.T.);
#1837 = VERTEX_POINT('',#1838);
#1838 = CARTESIAN_POINT('',(43.2562,1.2954E+03,1.0710672E+03));
#1839 = LINE('',#1840,#1841);
#1840 = CARTESIAN_POINT('',(43.2562,1.2954E+03,1.0710672E+03));
#1841 = VECTOR('',#1842,1.);
#1842 = DIRECTION('',(0.649883793021,-1.591756213881E-16,0.760033588448)
  );
#1843 = ORIENTED_EDGE('',*,*,#1844,.T.);
#1844 = EDGE_CURVE('',#1837,#1837,#1845,.T.);
#1845 = CIRCLE('',#1846,5.1562);
#1846 = AXIS2_PLACEMENT_3D('',#1847,#1848,#1849);
#1847 = CARTESIAN_POINT('',(38.1,1.2954E+03,1.0710672E+03));
#1848 = DIRECTION('',(0.,0.,1.));
#1849 = DIRECTION('',(1.,0.,0.));
#1850 = ORIENTED_EDGE('',*,*,#1836,.T.);
#1851 = CONICAL_SURFACE('',#1852,5.1562,0.707431529566);
#1852 = AXIS2_PLACEMENT_3D('',#1853,#1854,#1855);
#1853 = CARTESIAN_POINT('',(38.1,1.2954E+03,1.0710672E+03));
#1854 = DIRECTION('',(0.,0.,1.));
#1855 = DIRECTION('',(1.,0.,0.));
#1856 = ADVANCED_FACE('',(#1857),#1876,.F.);
#1857 = FACE_BOUND('',#1858,.F.);
#1858 = EDGE_LOOP('',(#1859,#1860,#1868,#1875));
#1859 = ORIENTED_EDGE('',*,*,#1533,.F.);
#1860 = ORIENTED_EDGE('',*,*,#1861,.F.);
#1861 = EDGE_CURVE('',#1862,#1534,#1864,.T.);
#1862 = VERTEX_POINT('',#1863);
#1863 = CARTESIAN_POINT('',(43.2562,1.6002E+03,1.0710672E+03));
#1864 = LINE('',#1865,#1866);
#1865 = CARTESIAN_POINT('',(43.2562,1.6002E+03,1.0710672E+03));
#1866 = VECTOR('',#1867,1.);
#1867 = DIRECTION('',(0.649883793021,-1.591756213881E-16,0.760033588448)
  );
#1868 = ORIENTED_EDGE('',*,*,#1869,.T.);
#1869 = EDGE_CURVE('',#1862,#1862,#1870,.T.);
#1870 = CIRCLE('',#1871,5.1562);
#1871 = AXIS2_PLACEMENT_3D('',#1872,#1873,#1874);
#1872 = CARTESIAN_POINT('',(38.1,1.6002E+03,1.0710672E+03));
#1873 = DIRECTION('',(0.,0.,1.));
#1874 = DIRECTION('',(1.,0.,0.));
#1875 = ORIENTED_EDGE('',*,*,#1861,.T.);
#1876 = CONICAL_SURFACE('',#1877,5.1562,0.707431529566);
#1877 = AXIS2_PLACEMENT_3D('',#1878,#1879,#1880);
#1878 = CARTESIAN_POINT('',(38.1,1.6002E+03,1.0710672E+03));
#1879 = DIRECTION('',(0.,0.,1.));
#1880 = DIRECTION('',(1.,0.,0.));
#1881 = ADVANCED_FACE('',(#1882),#1901,.F.);
#1882 = FACE_BOUND('',#1883,.F.);
#1883 = EDGE_LOOP('',(#1884,#1885,#1893,#1900));
#1884 = ORIENTED_EDGE('',*,*,#1544,.F.);
#1885 = ORIENTED_EDGE('',*,*,#1886,.F.);
#1886 = EDGE_CURVE('',#1887,#1545,#1889,.T.);
#1887 = VERTEX_POINT('',#1888);
#1888 = CARTESIAN_POINT('',(43.2562,1.905E+03,1.0710672E+03));
#1889 = LINE('',#1890,#1891);
#1890 = CARTESIAN_POINT('',(43.2562,1.905E+03,1.0710672E+03));
#1891 = VECTOR('',#1892,1.);
#1892 = DIRECTION('',(0.649883793021,-1.591756213881E-16,0.760033588448)
  );
#1893 = ORIENTED_EDGE('',*,*,#1894,.T.);
#1894 = EDGE_CURVE('',#1887,#1887,#1895,.T.);
#1895 = CIRCLE('',#1896,5.1562);
#1896 = AXIS2_PLACEMENT_3D('',#1897,#1898,#1899);
#1897 = CARTESIAN_POINT('',(38.1,1.905E+03,1.0710672E+03));
#1898 = DIRECTION('',(0.,0.,1.));
#1899 = DIRECTION('',(1.,0.,0.));
#1900 = ORIENTED_EDGE('',*,*,#1886,.T.);
#1901 = CONICAL_SURFACE('',#1902,5.1562,0.707431529566);
#1902 = AXIS2_PLACEMENT_3D('',#1903,#1904,#1905);
#1903 = CARTESIAN_POINT('',(38.1,1.905E+03,1.0710672E+03));
#1904 = DIRECTION('',(0.,0.,1.));
#1905 = DIRECTION('',(1.,0.,0.));
#1906 = ADVANCED_FACE('',(#1907),#1926,.F.);
#1907 = FACE_BOUND('',#1908,.F.);
#1908 = EDGE_LOOP('',(#1909,#1910,#1918,#1925));
#1909 = ORIENTED_EDGE('',*,*,#1555,.F.);
#1910 = ORIENTED_EDGE('',*,*,#1911,.F.);
#1911 = EDGE_CURVE('',#1912,#1556,#1914,.T.);
#1912 = VERTEX_POINT('',#1913);
#1913 = CARTESIAN_POINT('',(43.2562,2.2098E+03,1.0710672E+03));
#1914 = LINE('',#1915,#1916);
#1915 = CARTESIAN_POINT('',(43.2562,2.2098E+03,1.0710672E+03));
#1916 = VECTOR('',#1917,1.);
#1917 = DIRECTION('',(0.649883793021,-1.591756213881E-16,0.760033588448)
  );
#1918 = ORIENTED_EDGE('',*,*,#1919,.T.);
#1919 = EDGE_CURVE('',#1912,#1912,#1920,.T.);
#1920 = CIRCLE('',#1921,5.1562);
#1921 = AXIS2_PLACEMENT_3D('',#1922,#1923,#1924);
#1922 = CARTESIAN_POINT('',(38.1,2.2098E+03,1.0710672E+03));
#1923 = DIRECTION('',(0.,0.,1.));
#1924 = DIRECTION('',(1.,0.,0.));
#1925 = ORIENTED_EDGE('',*,*,#1911,.T.);
#1926 = CONICAL_SURFACE('',#1927,5.1562,0.707431529566);
#1927 = AXIS2_PLACEMENT_3D('',#1928,#1929,#1930);
#1928 = CARTESIAN_POINT('',(38.1,2.2098E+03,1.0710672E+03));
#1929 = DIRECTION('',(0.,0.,1.));
#1930 = DIRECTION('',(1.,0.,0.));
#1931 = ADVANCED_FACE('',(#1932),#1951,.F.);
#1932 = FACE_BOUND('',#1933,.F.);
#1933 = EDGE_LOOP('',(#1934,#1935,#1943,#1950));
#1934 = ORIENTED_EDGE('',*,*,#1566,.F.);
#1935 = ORIENTED_EDGE('',*,*,#1936,.F.);
#1936 = EDGE_CURVE('',#1937,#1567,#1939,.T.);
#1937 = VERTEX_POINT('',#1938);
#1938 = CARTESIAN_POINT('',(43.2562,2.5146E+03,1.0710672E+03));
#1939 = LINE('',#1940,#1941);
#1940 = CARTESIAN_POINT('',(43.2562,2.5146E+03,1.0710672E+03));
#1941 = VECTOR('',#1942,1.);
#1942 = DIRECTION('',(0.649883793021,-1.591756213881E-16,0.760033588448)
  );
#1943 = ORIENTED_EDGE('',*,*,#1944,.T.);
#1944 = EDGE_CURVE('',#1937,#1937,#1945,.T.);
#1945 = CIRCLE('',#1946,5.1562);
#1946 = AXIS2_PLACEMENT_3D('',#1947,#1948,#1949);
#1947 = CARTESIAN_POINT('',(38.1,2.5146E+03,1.0710672E+03));
#1948 = DIRECTION('',(0.,0.,1.));
#1949 = DIRECTION('',(1.,0.,0.));
#1950 = ORIENTED_EDGE('',*,*,#1936,.T.);
#1951 = CONICAL_SURFACE('',#1952,5.1562,0.707431529566);
#1952 = AXIS2_PLACEMENT_3D('',#1953,#1954,#1955);
#1953 = CARTESIAN_POINT('',(38.1,2.5146E+03,1.0710672E+03));
#1954 = DIRECTION('',(0.,0.,1.));
#1955 = DIRECTION('',(1.,0.,0.));
#1956 = ADVANCED_FACE('',(#1957),#1968,.F.);
#1957 = FACE_BOUND('',#1958,.F.);
#1958 = EDGE_LOOP('',(#1959,#1960,#1966,#1967));
#1959 = ORIENTED_EDGE('',*,*,#1744,.F.);
#1960 = ORIENTED_EDGE('',*,*,#1961,.F.);
#1961 = EDGE_CURVE('',#1619,#1737,#1962,.T.);
#1962 = LINE('',#1963,#1964);
#1963 = CARTESIAN_POINT('',(43.2562,76.2,1.020525E+03));
#1964 = VECTOR('',#1965,1.);
#1965 = DIRECTION('',(0.,0.,1.));
#1966 = ORIENTED_EDGE('',*,*,#1618,.T.);
#1967 = ORIENTED_EDGE('',*,*,#1961,.T.);
#1968 = CYLINDRICAL_SURFACE('',#1969,5.1562);
#1969 = AXIS2_PLACEMENT_3D('',#1970,#1971,#1972);
#1970 = CARTESIAN_POINT('',(38.1,76.2,1.020525E+03));
#1971 = DIRECTION('',(0.,0.,1.));
#1972 = DIRECTION('',(1.,0.,0.));
#1973 = ADVANCED_FACE('',(#1974),#1985,.F.);
#1974 = FACE_BOUND('',#1975,.F.);
#1975 = EDGE_LOOP('',(#1976,#1977,#1983,#1984));
#1976 = ORIENTED_EDGE('',*,*,#1769,.F.);
#1977 = ORIENTED_EDGE('',*,*,#1978,.F.);
#1978 = EDGE_CURVE('',#1630,#1762,#1979,.T.);
#1979 = LINE('',#1980,#1981);
#1980 = CARTESIAN_POINT('',(43.2562,381.,1.020525E+03));
#1981 = VECTOR('',#1982,1.);
#1982 = DIRECTION('',(0.,0.,1.));
#1983 = ORIENTED_EDGE('',*,*,#1629,.T.);
#1984 = ORIENTED_EDGE('',*,*,#1978,.T.);
#1985 = CYLINDRICAL_SURFACE('',#1986,5.1562);
#1986 = AXIS2_PLACEMENT_3D('',#1987,#1988,#1989);
#1987 = CARTESIAN_POINT('',(38.1,381.,1.020525E+03));
#1988 = DIRECTION('',(0.,0.,1.));
#1989 = DIRECTION('',(1.,0.,0.));
#1990 = ADVANCED_FACE('',(#1991),#2002,.F.);
#1991 = FACE_BOUND('',#1992,.F.);
#1992 = EDGE_LOOP('',(#1993,#1994,#2000,#2001));
#1993 = ORIENTED_EDGE('',*,*,#1794,.F.);
#1994 = ORIENTED_EDGE('',*,*,#1995,.F.);
#1995 = EDGE_CURVE('',#1641,#1787,#1996,.T.);
#1996 = LINE('',#1997,#1998);
#1997 = CARTESIAN_POINT('',(43.2562,685.8,1.020525E+03));
#1998 = VECTOR('',#1999,1.);
#1999 = DIRECTION('',(0.,0.,1.));
#2000 = ORIENTED_EDGE('',*,*,#1640,.T.);
#2001 = ORIENTED_EDGE('',*,*,#1995,.T.);
#2002 = CYLINDRICAL_SURFACE('',#2003,5.1562);
#2003 = AXIS2_PLACEMENT_3D('',#2004,#2005,#2006);
#2004 = CARTESIAN_POINT('',(38.1,685.8,1.020525E+03));
#2005 = DIRECTION('',(0.,0.,1.));
#2006 = DIRECTION('',(1.,0.,0.));
#2007 = ADVANCED_FACE('',(#2008),#2019,.F.);
#2008 = FACE_BOUND('',#2009,.F.);
#2009 = EDGE_LOOP('',(#2010,#2011,#2017,#2018));
#2010 = ORIENTED_EDGE('',*,*,#1819,.F.);
#2011 = ORIENTED_EDGE('',*,*,#2012,.F.);
#2012 = EDGE_CURVE('',#1652,#1812,#2013,.T.);
#2013 = LINE('',#2014,#2015);
#2014 = CARTESIAN_POINT('',(43.2562,990.6,1.020525E+03));
#2015 = VECTOR('',#2016,1.);
#2016 = DIRECTION('',(0.,0.,1.));
#2017 = ORIENTED_EDGE('',*,*,#1651,.T.);
#2018 = ORIENTED_EDGE('',*,*,#2012,.T.);
#2019 = CYLINDRICAL_SURFACE('',#2020,5.1562);
#2020 = AXIS2_PLACEMENT_3D('',#2021,#2022,#2023);
#2021 = CARTESIAN_POINT('',(38.1,990.6,1.020525E+03));
#2022 = DIRECTION('',(0.,0.,1.));
#2023 = DIRECTION('',(1.,0.,0.));
#2024 = ADVANCED_FACE('',(#2025),#2036,.F.);
#2025 = FACE_BOUND('',#2026,.F.);
#2026 = EDGE_LOOP('',(#2027,#2028,#2034,#2035));
#2027 = ORIENTED_EDGE('',*,*,#1844,.F.);
#2028 = ORIENTED_EDGE('',*,*,#2029,.F.);
#2029 = EDGE_CURVE('',#1663,#1837,#2030,.T.);
#2030 = LINE('',#2031,#2032);
#2031 = CARTESIAN_POINT('',(43.2562,1.2954E+03,1.020525E+03));
#2032 = VECTOR('',#2033,1.);
#2033 = DIRECTION('',(0.,0.,1.));
#2034 = ORIENTED_EDGE('',*,*,#1662,.T.);
#2035 = ORIENTED_EDGE('',*,*,#2029,.T.);
#2036 = CYLINDRICAL_SURFACE('',#2037,5.1562);
#2037 = AXIS2_PLACEMENT_3D('',#2038,#2039,#2040);
#2038 = CARTESIAN_POINT('',(38.1,1.2954E+03,1.020525E+03));
#2039 = DIRECTION('',(0.,0.,1.));
#2040 = DIRECTION('',(1.,0.,0.));
#2041 = ADVANCED_FACE('',(#2042),#2053,.F.);
#2042 = FACE_BOUND('',#2043,.F.);
#2043 = EDGE_LOOP('',(#2044,#2045,#2051,#2052));
#2044 = ORIENTED_EDGE('',*,*,#1869,.F.);
#2045 = ORIENTED_EDGE('',*,*,#2046,.F.);
#2046 = EDGE_CURVE('',#1674,#1862,#2047,.T.);
#2047 = LINE('',#2048,#2049);
#2048 = CARTESIAN_POINT('',(43.2562,1.6002E+03,1.020525E+03));
#2049 = VECTOR('',#2050,1.);
#2050 = DIRECTION('',(0.,0.,1.));
#2051 = ORIENTED_EDGE('',*,*,#1673,.T.);
#2052 = ORIENTED_EDGE('',*,*,#2046,.T.);
#2053 = CYLINDRICAL_SURFACE('',#2054,5.1562);
#2054 = AXIS2_PLACEMENT_3D('',#2055,#2056,#2057);
#2055 = CARTESIAN_POINT('',(38.1,1.6002E+03,1.020525E+03));
#2056 = DIRECTION('',(0.,0.,1.));
#2057 = DIRECTION('',(1.,0.,0.));
#2058 = ADVANCED_FACE('',(#2059),#2070,.F.);
#2059 = FACE_BOUND('',#2060,.F.);
#2060 = EDGE_LOOP('',(#2061,#2062,#2068,#2069));
#2061 = ORIENTED_EDGE('',*,*,#1894,.F.);
#2062 = ORIENTED_EDGE('',*,*,#2063,.F.);
#2063 = EDGE_CURVE('',#1685,#1887,#2064,.T.);
#2064 = LINE('',#2065,#2066);
#2065 = CARTESIAN_POINT('',(43.2562,1.905E+03,1.020525E+03));
#2066 = VECTOR('',#2067,1.);
#2067 = DIRECTION('',(0.,0.,1.));
#2068 = ORIENTED_EDGE('',*,*,#1684,.T.);
#2069 = ORIENTED_EDGE('',*,*,#2063,.T.);
#2070 = CYLINDRICAL_SURFACE('',#2071,5.1562);
#2071 = AXIS2_PLACEMENT_3D('',#2072,#2073,#2074);
#2072 = CARTESIAN_POINT('',(38.1,1.905E+03,1.020525E+03));
#2073 = DIRECTION('',(0.,0.,1.));
#2074 = DIRECTION('',(1.,0.,0.));
#2075 = ADVANCED_FACE('',(#2076),#2087,.F.);
#2076 = FACE_BOUND('',#2077,.F.);
#2077 = EDGE_LOOP('',(#2078,#2079,#2085,#2086));
#2078 = ORIENTED_EDGE('',*,*,#1919,.F.);
#2079 = ORIENTED_EDGE('',*,*,#2080,.F.);
#2080 = EDGE_CURVE('',#1696,#1912,#2081,.T.);
#2081 = LINE('',#2082,#2083);
#2082 = CARTESIAN_POINT('',(43.2562,2.2098E+03,1.020525E+03));
#2083 = VECTOR('',#2084,1.);
#2084 = DIRECTION('',(0.,0.,1.));
#2085 = ORIENTED_EDGE('',*,*,#1695,.T.);
#2086 = ORIENTED_EDGE('',*,*,#2080,.T.);
#2087 = CYLINDRICAL_SURFACE('',#2088,5.1562);
#2088 = AXIS2_PLACEMENT_3D('',#2089,#2090,#2091);
#2089 = CARTESIAN_POINT('',(38.1,2.2098E+03,1.020525E+03));
#2090 = DIRECTION('',(0.,0.,1.));
#2091 = DIRECTION('',(1.,0.,0.));
#2092 = ADVANCED_FACE('',(#2093),#2104,.F.);
#2093 = FACE_BOUND('',#2094,.F.);
#2094 = EDGE_LOOP('',(#2095,#2096,#2102,#2103));
#2095 = ORIENTED_EDGE('',*,*,#1944,.F.);
#2096 = ORIENTED_EDGE('',*,*,#2097,.F.);
#2097 = EDGE_CURVE('',#1707,#1937,#2098,.T.);
#2098 = LINE('',#2099,#2100);
#2099 = CARTESIAN_POINT('',(43.2562,2.5146E+03,1.020525E+03));
#2100 = VECTOR('',#2101,1.);
#2101 = DIRECTION('',(0.,0.,1.));
#2102 = ORIENTED_EDGE('',*,*,#1706,.T.);
#2103 = ORIENTED_EDGE('',*,*,#2097,.T.);
#2104 = CYLINDRICAL_SURFACE('',#2105,5.1562);
#2105 = AXIS2_PLACEMENT_3D('',#2106,#2107,#2108);
#2106 = CARTESIAN_POINT('',(38.1,2.5146E+03,1.020525E+03));
#2107 = DIRECTION('',(0.,0.,1.));
#2108 = DIRECTION('',(1.,0.,0.));
#2109 = MANIFOLD_SOLID_BREP('',#2110);
#2110 = CLOSED_SHELL('',(#2111,#2151,#2191,#2213,#2235,#2247));
#2111 = ADVANCED_FACE('',(#2112),#2146,.F.);
#2112 = FACE_BOUND('',#2113,.F.);
#2113 = EDGE_LOOP('',(#2114,#2124,#2132,#2140));
#2114 = ORIENTED_EDGE('',*,*,#2115,.F.);
#2115 = EDGE_CURVE('',#2116,#2118,#2120,.T.);
#2116 = VERTEX_POINT('',#2117);
#2117 = CARTESIAN_POINT('',(19.05,342.9,161.925));
#2118 = VERTEX_POINT('',#2119);
#2119 = CARTESIAN_POINT('',(19.05,342.9,1.025525E+03));
#2120 = LINE('',#2121,#2122);
#2121 = CARTESIAN_POINT('',(19.05,342.9,161.925));
#2122 = VECTOR('',#2123,1.);
#2123 = DIRECTION('',(0.,0.,1.));
#2124 = ORIENTED_EDGE('',*,*,#2125,.T.);
#2125 = EDGE_CURVE('',#2116,#2126,#2128,.T.);
#2126 = VERTEX_POINT('',#2127);
#2127 = CARTESIAN_POINT('',(19.05,381.,161.925));
#2128 = LINE('',#2129,#2130);
#2129 = CARTESIAN_POINT('',(19.05,342.9,161.925));
#2130 = VECTOR('',#2131,1.);
#2131 = DIRECTION('',(0.,1.,0.));
#2132 = ORIENTED_EDGE('',*,*,#2133,.T.);
#2133 = EDGE_CURVE('',#2126,#2134,#2136,.T.);
#2134 = VERTEX_POINT('',#2135);
#2135 = CARTESIAN_POINT('',(19.05,381.,1.025525E+03));
#2136 = LINE('',#2137,#2138);
#2137 = CARTESIAN_POINT('',(19.05,381.,161.925));
#2138 = VECTOR('',#2139,1.);
#2139 = DIRECTION('',(0.,0.,1.));
#2140 = ORIENTED_EDGE('',*,*,#2141,.F.);
#2141 = EDGE_CURVE('',#2118,#2134,#2142,.T.);
#2142 = LINE('',#2143,#2144);
#2143 = CARTESIAN_POINT('',(19.05,342.9,1.025525E+03));
#2144 = VECTOR('',#2145,1.);
#2145 = DIRECTION('',(0.,1.,0.));
#2146 = PLANE('',#2147);
#2147 = AXIS2_PLACEMENT_3D('',#2148,#2149,#2150);
#2148 = CARTESIAN_POINT('',(19.05,342.9,161.925));
#2149 = DIRECTION('',(1.,0.,0.));
#2150 = DIRECTION('',(0.,0.,1.));
#2151 = ADVANCED_FACE('',(#2152),#2186,.T.);
#2152 = FACE_BOUND('',#2153,.T.);
#2153 = EDGE_LOOP('',(#2154,#2164,#2172,#2180));
#2154 = ORIENTED_EDGE('',*,*,#2155,.F.);
#2155 = EDGE_CURVE('',#2156,#2158,#2160,.T.);
#2156 = VERTEX_POINT('',#2157);
#2157 = CARTESIAN_POINT('',(57.15,342.9,161.925));
#2158 = VERTEX_POINT('',#2159);
#2159 = CARTESIAN_POINT('',(57.15,342.9,1.025525E+03));
#2160 = LINE('',#2161,#2162);
#2161 = CARTESIAN_POINT('',(57.15,342.9,161.925));
#2162 = VECTOR('',#2163,1.);
#2163 = DIRECTION('',(0.,0.,1.));
#2164 = ORIENTED_EDGE('',*,*,#2165,.T.);
#2165 = EDGE_CURVE('',#2156,#2166,#2168,.T.);
#2166 = VERTEX_POINT('',#2167);
#2167 = CARTESIAN_POINT('',(57.15,381.,161.925));
#2168 = LINE('',#2169,#2170);
#2169 = CARTESIAN_POINT('',(57.15,342.9,161.925));
#2170 = VECTOR('',#2171,1.);
#2171 = DIRECTION('',(0.,1.,0.));
#2172 = ORIENTED_EDGE('',*,*,#2173,.T.);
#2173 = EDGE_CURVE('',#2166,#2174,#2176,.T.);
#2174 = VERTEX_POINT('',#2175);
#2175 = CARTESIAN_POINT('',(57.15,381.,1.025525E+03));
#2176 = LINE('',#2177,#2178);
#2177 = CARTESIAN_POINT('',(57.15,381.,161.925));
#2178 = VECTOR('',#2179,1.);
#2179 = DIRECTION('',(0.,0.,1.));
#2180 = ORIENTED_EDGE('',*,*,#2181,.F.);
#2181 = EDGE_CURVE('',#2158,#2174,#2182,.T.);
#2182 = LINE('',#2183,#2184);
#2183 = CARTESIAN_POINT('',(57.15,342.9,1.025525E+03));
#2184 = VECTOR('',#2185,1.);
#2185 = DIRECTION('',(0.,1.,0.));
#2186 = PLANE('',#2187);
#2187 = AXIS2_PLACEMENT_3D('',#2188,#2189,#2190);
#2188 = CARTESIAN_POINT('',(57.15,342.9,161.925));
#2189 = DIRECTION('',(1.,0.,0.));
#2190 = DIRECTION('',(0.,0.,1.));
#2191 = ADVANCED_FACE('',(#2192),#2208,.F.);
#2192 = FACE_BOUND('',#2193,.F.);
#2193 = EDGE_LOOP('',(#2194,#2200,#2201,#2207));
#2194 = ORIENTED_EDGE('',*,*,#2195,.F.);
#2195 = EDGE_CURVE('',#2116,#2156,#2196,.T.);
#2196 = LINE('',#2197,#2198);
#2197 = CARTESIAN_POINT('',(19.05,342.9,161.925));
#2198 = VECTOR('',#2199,1.);
#2199 = DIRECTION('',(1.,0.,0.));
#2200 = ORIENTED_EDGE('',*,*,#2115,.T.);
#2201 = ORIENTED_EDGE('',*,*,#2202,.T.);
#2202 = EDGE_CURVE('',#2118,#2158,#2203,.T.);
#2203 = LINE('',#2204,#2205);
#2204 = CARTESIAN_POINT('',(19.05,342.9,1.025525E+03));
#2205 = VECTOR('',#2206,1.);
#2206 = DIRECTION('',(1.,0.,0.));
#2207 = ORIENTED_EDGE('',*,*,#2155,.F.);
#2208 = PLANE('',#2209);
#2209 = AXIS2_PLACEMENT_3D('',#2210,#2211,#2212);
#2210 = CARTESIAN_POINT('',(19.05,342.9,161.925));
#2211 = DIRECTION('',(0.,1.,0.));
#2212 = DIRECTION('',(0.,0.,1.));
#2213 = ADVANCED_FACE('',(#2214),#2230,.T.);
#2214 = FACE_BOUND('',#2215,.T.);
#2215 = EDGE_LOOP('',(#2216,#2222,#2223,#2229));
#2216 = ORIENTED_EDGE('',*,*,#2217,.F.);
#2217 = EDGE_CURVE('',#2126,#2166,#2218,.T.);
#2218 = LINE('',#2219,#2220);
#2219 = CARTESIAN_POINT('',(19.05,381.,161.925));
#2220 = VECTOR('',#2221,1.);
#2221 = DIRECTION('',(1.,0.,0.));
#2222 = ORIENTED_EDGE('',*,*,#2133,.T.);
#2223 = ORIENTED_EDGE('',*,*,#2224,.T.);
#2224 = EDGE_CURVE('',#2134,#2174,#2225,.T.);
#2225 = LINE('',#2226,#2227);
#2226 = CARTESIAN_POINT('',(19.05,381.,1.025525E+03));
#2227 = VECTOR('',#2228,1.);
#2228 = DIRECTION('',(1.,0.,0.));
#2229 = ORIENTED_EDGE('',*,*,#2173,.F.);
#2230 = PLANE('',#2231);
#2231 = AXIS2_PLACEMENT_3D('',#2232,#2233,#2234);
#2232 = CARTESIAN_POINT('',(19.05,381.,161.925));
#2233 = DIRECTION('',(0.,1.,0.));
#2234 = DIRECTION('',(0.,0.,1.));
#2235 = ADVANCED_FACE('',(#2236),#2242,.F.);
#2236 = FACE_BOUND('',#2237,.F.);
#2237 = EDGE_LOOP('',(#2238,#2239,#2240,#2241));
#2238 = ORIENTED_EDGE('',*,*,#2125,.F.);
#2239 = ORIENTED_EDGE('',*,*,#2195,.T.);
#2240 = ORIENTED_EDGE('',*,*,#2165,.T.);
#2241 = ORIENTED_EDGE('',*,*,#2217,.F.);
#2242 = PLANE('',#2243);
#2243 = AXIS2_PLACEMENT_3D('',#2244,#2245,#2246);
#2244 = CARTESIAN_POINT('',(19.05,342.9,161.925));
#2245 = DIRECTION('',(0.,0.,1.));
#2246 = DIRECTION('',(1.,0.,0.));
#2247 = ADVANCED_FACE('',(#2248),#2254,.T.);
#2248 = FACE_BOUND('',#2249,.T.);
#2249 = EDGE_LOOP('',(#2250,#2251,#2252,#2253));
#2250 = ORIENTED_EDGE('',*,*,#2141,.F.);
#2251 = ORIENTED_EDGE('',*,*,#2202,.T.);
#2252 = ORIENTED_EDGE('',*,*,#2181,.T.);
#2253 = ORIENTED_EDGE('',*,*,#2224,.F.);
#2254 = PLANE('',#2255);
#2255 = AXIS2_PLACEMENT_3D('',#2256,#2257,#2258);
#2256 = CARTESIAN_POINT('',(19.05,342.9,1.025525E+03));
#2257 = DIRECTION('',(0.,0.,1.));
#2258 = DIRECTION('',(1.,0.,0.));
#2259 = MANIFOLD_SOLID_BREP('',#2260);
#2260 = CLOSED_SHELL('',(#2261,#2301,#2341,#2363,#2385,#2397));
#2261 = ADVANCED_FACE('',(#2262),#2296,.F.);
#2262 = FACE_BOUND('',#2263,.F.);
#2263 = EDGE_LOOP('',(#2264,#2274,#2282,#2290));
#2264 = ORIENTED_EDGE('',*,*,#2265,.F.);
#2265 = EDGE_CURVE('',#2266,#2268,#2270,.T.);
#2266 = VERTEX_POINT('',#2267);
#2267 = CARTESIAN_POINT('',(19.05,628.65,161.925));
#2268 = VERTEX_POINT('',#2269);
#2269 = CARTESIAN_POINT('',(19.05,628.65,1.025525E+03));
#2270 = LINE('',#2271,#2272);
#2271 = CARTESIAN_POINT('',(19.05,628.65,161.925));
#2272 = VECTOR('',#2273,1.);
#2273 = DIRECTION('',(0.,0.,1.));
#2274 = ORIENTED_EDGE('',*,*,#2275,.T.);
#2275 = EDGE_CURVE('',#2266,#2276,#2278,.T.);
#2276 = VERTEX_POINT('',#2277);
#2277 = CARTESIAN_POINT('',(19.05,666.75,161.925));
#2278 = LINE('',#2279,#2280);
#2279 = CARTESIAN_POINT('',(19.05,628.65,161.925));
#2280 = VECTOR('',#2281,1.);
#2281 = DIRECTION('',(0.,1.,0.));
#2282 = ORIENTED_EDGE('',*,*,#2283,.T.);
#2283 = EDGE_CURVE('',#2276,#2284,#2286,.T.);
#2284 = VERTEX_POINT('',#2285);
#2285 = CARTESIAN_POINT('',(19.05,666.75,1.025525E+03));
#2286 = LINE('',#2287,#2288);
#2287 = CARTESIAN_POINT('',(19.05,666.75,161.925));
#2288 = VECTOR('',#2289,1.);
#2289 = DIRECTION('',(0.,0.,1.));
#2290 = ORIENTED_EDGE('',*,*,#2291,.F.);
#2291 = EDGE_CURVE('',#2268,#2284,#2292,.T.);
#2292 = LINE('',#2293,#2294);
#2293 = CARTESIAN_POINT('',(19.05,628.65,1.025525E+03));
#2294 = VECTOR('',#2295,1.);
#2295 = DIRECTION('',(0.,1.,0.));
#2296 = PLANE('',#2297);
#2297 = AXIS2_PLACEMENT_3D('',#2298,#2299,#2300);
#2298 = CARTESIAN_POINT('',(19.05,628.65,161.925));
#2299 = DIRECTION('',(1.,0.,0.));
#2300 = DIRECTION('',(0.,0.,1.));
#2301 = ADVANCED_FACE('',(#2302),#2336,.T.);
#2302 = FACE_BOUND('',#2303,.T.);
#2303 = EDGE_LOOP('',(#2304,#2314,#2322,#2330));
#2304 = ORIENTED_EDGE('',*,*,#2305,.F.);
#2305 = EDGE_CURVE('',#2306,#2308,#2310,.T.);
#2306 = VERTEX_POINT('',#2307);
#2307 = CARTESIAN_POINT('',(57.15,628.65,161.925));
#2308 = VERTEX_POINT('',#2309);
#2309 = CARTESIAN_POINT('',(57.15,628.65,1.025525E+03));
#2310 = LINE('',#2311,#2312);
#2311 = CARTESIAN_POINT('',(57.15,628.65,161.925));
#2312 = VECTOR('',#2313,1.);
#2313 = DIRECTION('',(0.,0.,1.));
#2314 = ORIENTED_EDGE('',*,*,#2315,.T.);
#2315 = EDGE_CURVE('',#2306,#2316,#2318,.T.);
#2316 = VERTEX_POINT('',#2317);
#2317 = CARTESIAN_POINT('',(57.15,666.75,161.925));
#2318 = LINE('',#2319,#2320);
#2319 = CARTESIAN_POINT('',(57.15,628.65,161.925));
#2320 = VECTOR('',#2321,1.);
#2321 = DIRECTION('',(0.,1.,0.));
#2322 = ORIENTED_EDGE('',*,*,#2323,.T.);
#2323 = EDGE_CURVE('',#2316,#2324,#2326,.T.);
#2324 = VERTEX_POINT('',#2325);
#2325 = CARTESIAN_POINT('',(57.15,666.75,1.025525E+03));
#2326 = LINE('',#2327,#2328);
#2327 = CARTESIAN_POINT('',(57.15,666.75,161.925));
#2328 = VECTOR('',#2329,1.);
#2329 = DIRECTION('',(0.,0.,1.));
#2330 = ORIENTED_EDGE('',*,*,#2331,.F.);
#2331 = EDGE_CURVE('',#2308,#2324,#2332,.T.);
#2332 = LINE('',#2333,#2334);
#2333 = CARTESIAN_POINT('',(57.15,628.65,1.025525E+03));
#2334 = VECTOR('',#2335,1.);
#2335 = DIRECTION('',(0.,1.,0.));
#2336 = PLANE('',#2337);
#2337 = AXIS2_PLACEMENT_3D('',#2338,#2339,#2340);
#2338 = CARTESIAN_POINT('',(57.15,628.65,161.925));
#2339 = DIRECTION('',(1.,0.,0.));
#2340 = DIRECTION('',(0.,0.,1.));
#2341 = ADVANCED_FACE('',(#2342),#2358,.F.);
#2342 = FACE_BOUND('',#2343,.F.);
#2343 = EDGE_LOOP('',(#2344,#2350,#2351,#2357));
#2344 = ORIENTED_EDGE('',*,*,#2345,.F.);
#2345 = EDGE_CURVE('',#2266,#2306,#2346,.T.);
#2346 = LINE('',#2347,#2348);
#2347 = CARTESIAN_POINT('',(19.05,628.65,161.925));
#2348 = VECTOR('',#2349,1.);
#2349 = DIRECTION('',(1.,0.,0.));
#2350 = ORIENTED_EDGE('',*,*,#2265,.T.);
#2351 = ORIENTED_EDGE('',*,*,#2352,.T.);
#2352 = EDGE_CURVE('',#2268,#2308,#2353,.T.);
#2353 = LINE('',#2354,#2355);
#2354 = CARTESIAN_POINT('',(19.05,628.65,1.025525E+03));
#2355 = VECTOR('',#2356,1.);
#2356 = DIRECTION('',(1.,0.,0.));
#2357 = ORIENTED_EDGE('',*,*,#2305,.F.);
#2358 = PLANE('',#2359);
#2359 = AXIS2_PLACEMENT_3D('',#2360,#2361,#2362);
#2360 = CARTESIAN_POINT('',(19.05,628.65,161.925));
#2361 = DIRECTION('',(0.,1.,0.));
#2362 = DIRECTION('',(0.,0.,1.));
#2363 = ADVANCED_FACE('',(#2364),#2380,.T.);
#2364 = FACE_BOUND('',#2365,.T.);
#2365 = EDGE_LOOP('',(#2366,#2372,#2373,#2379));
#2366 = ORIENTED_EDGE('',*,*,#2367,.F.);
#2367 = EDGE_CURVE('',#2276,#2316,#2368,.T.);
#2368 = LINE('',#2369,#2370);
#2369 = CARTESIAN_POINT('',(19.05,666.75,161.925));
#2370 = VECTOR('',#2371,1.);
#2371 = DIRECTION('',(1.,0.,0.));
#2372 = ORIENTED_EDGE('',*,*,#2283,.T.);
#2373 = ORIENTED_EDGE('',*,*,#2374,.T.);
#2374 = EDGE_CURVE('',#2284,#2324,#2375,.T.);
#2375 = LINE('',#2376,#2377);
#2376 = CARTESIAN_POINT('',(19.05,666.75,1.025525E+03));
#2377 = VECTOR('',#2378,1.);
#2378 = DIRECTION('',(1.,0.,0.));
#2379 = ORIENTED_EDGE('',*,*,#2323,.F.);
#2380 = PLANE('',#2381);
#2381 = AXIS2_PLACEMENT_3D('',#2382,#2383,#2384);
#2382 = CARTESIAN_POINT('',(19.05,666.75,161.925));
#2383 = DIRECTION('',(0.,1.,0.));
#2384 = DIRECTION('',(0.,0.,1.));
#2385 = ADVANCED_FACE('',(#2386),#2392,.F.);
#2386 = FACE_BOUND('',#2387,.F.);
#2387 = EDGE_LOOP('',(#2388,#2389,#2390,#2391));
#2388 = ORIENTED_EDGE('',*,*,#2275,.F.);
#2389 = ORIENTED_EDGE('',*,*,#2345,.T.);
#2390 = ORIENTED_EDGE('',*,*,#2315,.T.);
#2391 = ORIENTED_EDGE('',*,*,#2367,.F.);
#2392 = PLANE('',#2393);
#2393 = AXIS2_PLACEMENT_3D('',#2394,#2395,#2396);
#2394 = CARTESIAN_POINT('',(19.05,628.65,161.925));
#2395 = DIRECTION('',(0.,0.,1.));
#2396 = DIRECTION('',(1.,0.,0.));
#2397 = ADVANCED_FACE('',(#2398),#2404,.T.);
#2398 = FACE_BOUND('',#2399,.T.);
#2399 = EDGE_LOOP('',(#2400,#2401,#2402,#2403));
#2400 = ORIENTED_EDGE('',*,*,#2291,.F.);
#2401 = ORIENTED_EDGE('',*,*,#2352,.T.);
#2402 = ORIENTED_EDGE('',*,*,#2331,.T.);
#2403 = ORIENTED_EDGE('',*,*,#2374,.F.);
#2404 = PLANE('',#2405);
#2405 = AXIS2_PLACEMENT_3D('',#2406,#2407,#2408);
#2406 = CARTESIAN_POINT('',(19.05,628.65,1.025525E+03));
#2407 = DIRECTION('',(0.,0.,1.));
#2408 = DIRECTION('',(1.,0.,0.));
#2409 = MANIFOLD_SOLID_BREP('',#2410);
#2410 = CLOSED_SHELL('',(#2411,#2451,#2491,#2513,#2535,#2547));
#2411 = ADVANCED_FACE('',(#2412),#2446,.F.);
#2412 = FACE_BOUND('',#2413,.F.);
#2413 = EDGE_LOOP('',(#2414,#2424,#2432,#2440));
#2414 = ORIENTED_EDGE('',*,*,#2415,.F.);
#2415 = EDGE_CURVE('',#2416,#2418,#2420,.T.);
#2416 = VERTEX_POINT('',#2417);
#2417 = CARTESIAN_POINT('',(19.05,914.4,161.925));
#2418 = VERTEX_POINT('',#2419);
#2419 = CARTESIAN_POINT('',(19.05,914.4,1.025525E+03));
#2420 = LINE('',#2421,#2422);
#2421 = CARTESIAN_POINT('',(19.05,914.4,161.925));
#2422 = VECTOR('',#2423,1.);
#2423 = DIRECTION('',(0.,0.,1.));
#2424 = ORIENTED_EDGE('',*,*,#2425,.T.);
#2425 = EDGE_CURVE('',#2416,#2426,#2428,.T.);
#2426 = VERTEX_POINT('',#2427);
#2427 = CARTESIAN_POINT('',(19.05,952.5,161.925));
#2428 = LINE('',#2429,#2430);
#2429 = CARTESIAN_POINT('',(19.05,914.4,161.925));
#2430 = VECTOR('',#2431,1.);
#2431 = DIRECTION('',(0.,1.,0.));
#2432 = ORIENTED_EDGE('',*,*,#2433,.T.);
#2433 = EDGE_CURVE('',#2426,#2434,#2436,.T.);
#2434 = VERTEX_POINT('',#2435);
#2435 = CARTESIAN_POINT('',(19.05,952.5,1.025525E+03));
#2436 = LINE('',#2437,#2438);
#2437 = CARTESIAN_POINT('',(19.05,952.5,161.925));
#2438 = VECTOR('',#2439,1.);
#2439 = DIRECTION('',(0.,0.,1.));
#2440 = ORIENTED_EDGE('',*,*,#2441,.F.);
#2441 = EDGE_CURVE('',#2418,#2434,#2442,.T.);
#2442 = LINE('',#2443,#2444);
#2443 = CARTESIAN_POINT('',(19.05,914.4,1.025525E+03));
#2444 = VECTOR('',#2445,1.);
#2445 = DIRECTION('',(0.,1.,0.));
#2446 = PLANE('',#2447);
#2447 = AXIS2_PLACEMENT_3D('',#2448,#2449,#2450);
#2448 = CARTESIAN_POINT('',(19.05,914.4,161.925));
#2449 = DIRECTION('',(1.,0.,0.));
#2450 = DIRECTION('',(0.,0.,1.));
#2451 = ADVANCED_FACE('',(#2452),#2486,.T.);
#2452 = FACE_BOUND('',#2453,.T.);
#2453 = EDGE_LOOP('',(#2454,#2464,#2472,#2480));
#2454 = ORIENTED_EDGE('',*,*,#2455,.F.);
#2455 = EDGE_CURVE('',#2456,#2458,#2460,.T.);
#2456 = VERTEX_POINT('',#2457);
#2457 = CARTESIAN_POINT('',(57.15,914.4,161.925));
#2458 = VERTEX_POINT('',#2459);
#2459 = CARTESIAN_POINT('',(57.15,914.4,1.025525E+03));
#2460 = LINE('',#2461,#2462);
#2461 = CARTESIAN_POINT('',(57.15,914.4,161.925));
#2462 = VECTOR('',#2463,1.);
#2463 = DIRECTION('',(0.,0.,1.));
#2464 = ORIENTED_EDGE('',*,*,#2465,.T.);
#2465 = EDGE_CURVE('',#2456,#2466,#2468,.T.);
#2466 = VERTEX_POINT('',#2467);
#2467 = CARTESIAN_POINT('',(57.15,952.5,161.925));
#2468 = LINE('',#2469,#2470);
#2469 = CARTESIAN_POINT('',(57.15,914.4,161.925));
#2470 = VECTOR('',#2471,1.);
#2471 = DIRECTION('',(0.,1.,0.));
#2472 = ORIENTED_EDGE('',*,*,#2473,.T.);
#2473 = EDGE_CURVE('',#2466,#2474,#2476,.T.);
#2474 = VERTEX_POINT('',#2475);
#2475 = CARTESIAN_POINT('',(57.15,952.5,1.025525E+03));
#2476 = LINE('',#2477,#2478);
#2477 = CARTESIAN_POINT('',(57.15,952.5,161.925));
#2478 = VECTOR('',#2479,1.);
#2479 = DIRECTION('',(0.,0.,1.));
#2480 = ORIENTED_EDGE('',*,*,#2481,.F.);
#2481 = EDGE_CURVE('',#2458,#2474,#2482,.T.);
#2482 = LINE('',#2483,#2484);
#2483 = CARTESIAN_POINT('',(57.15,914.4,1.025525E+03));
#2484 = VECTOR('',#2485,1.);
#2485 = DIRECTION('',(0.,1.,0.));
#2486 = PLANE('',#2487);
#2487 = AXIS2_PLACEMENT_3D('',#2488,#2489,#2490);
#2488 = CARTESIAN_POINT('',(57.15,914.4,161.925));
#2489 = DIRECTION('',(1.,0.,0.));
#2490 = DIRECTION('',(0.,0.,1.));
#2491 = ADVANCED_FACE('',(#2492),#2508,.F.);
#2492 = FACE_BOUND('',#2493,.F.);
#2493 = EDGE_LOOP('',(#2494,#2500,#2501,#2507));
#2494 = ORIENTED_EDGE('',*,*,#2495,.F.);
#2495 = EDGE_CURVE('',#2416,#2456,#2496,.T.);
#2496 = LINE('',#2497,#2498);
#2497 = CARTESIAN_POINT('',(19.05,914.4,161.925));
#2498 = VECTOR('',#2499,1.);
#2499 = DIRECTION('',(1.,0.,0.));
#2500 = ORIENTED_EDGE('',*,*,#2415,.T.);
#2501 = ORIENTED_EDGE('',*,*,#2502,.T.);
#2502 = EDGE_CURVE('',#2418,#2458,#2503,.T.);
#2503 = LINE('',#2504,#2505);
#2504 = CARTESIAN_POINT('',(19.05,914.4,1.025525E+03));
#2505 = VECTOR('',#2506,1.);
#2506 = DIRECTION('',(1.,0.,0.));
#2507 = ORIENTED_EDGE('',*,*,#2455,.F.);
#2508 = PLANE('',#2509);
#2509 = AXIS2_PLACEMENT_3D('',#2510,#2511,#2512);
#2510 = CARTESIAN_POINT('',(19.05,914.4,161.925));
#2511 = DIRECTION('',(0.,1.,0.));
#2512 = DIRECTION('',(0.,0.,1.));
#2513 = ADVANCED_FACE('',(#2514),#2530,.T.);
#2514 = FACE_BOUND('',#2515,.T.);
#2515 = EDGE_LOOP('',(#2516,#2522,#2523,#2529));
#2516 = ORIENTED_EDGE('',*,*,#2517,.F.);
#2517 = EDGE_CURVE('',#2426,#2466,#2518,.T.);
#2518 = LINE('',#2519,#2520);
#2519 = CARTESIAN_POINT('',(19.05,952.5,161.925));
#2520 = VECTOR('',#2521,1.);
#2521 = DIRECTION('',(1.,0.,0.));
#2522 = ORIENTED_EDGE('',*,*,#2433,.T.);
#2523 = ORIENTED_EDGE('',*,*,#2524,.T.);
#2524 = EDGE_CURVE('',#2434,#2474,#2525,.T.);
#2525 = LINE('',#2526,#2527);
#2526 = CARTESIAN_POINT('',(19.05,952.5,1.025525E+03));
#2527 = VECTOR('',#2528,1.);
#2528 = DIRECTION('',(1.,0.,0.));
#2529 = ORIENTED_EDGE('',*,*,#2473,.F.);
#2530 = PLANE('',#2531);
#2531 = AXIS2_PLACEMENT_3D('',#2532,#2533,#2534);
#2532 = CARTESIAN_POINT('',(19.05,952.5,161.925));
#2533 = DIRECTION('',(0.,1.,0.));
#2534 = DIRECTION('',(0.,0.,1.));
#2535 = ADVANCED_FACE('',(#2536),#2542,.F.);
#2536 = FACE_BOUND('',#2537,.F.);
#2537 = EDGE_LOOP('',(#2538,#2539,#2540,#2541));
#2538 = ORIENTED_EDGE('',*,*,#2425,.F.);
#2539 = ORIENTED_EDGE('',*,*,#2495,.T.);
#2540 = ORIENTED_EDGE('',*,*,#2465,.T.);
#2541 = ORIENTED_EDGE('',*,*,#2517,.F.);
#2542 = PLANE('',#2543);
#2543 = AXIS2_PLACEMENT_3D('',#2544,#2545,#2546);
#2544 = CARTESIAN_POINT('',(19.05,914.4,161.925));
#2545 = DIRECTION('',(0.,0.,1.));
#2546 = DIRECTION('',(1.,0.,0.));
#2547 = ADVANCED_FACE('',(#2548),#2554,.T.);
#2548 = FACE_BOUND('',#2549,.T.);
#2549 = EDGE_LOOP('',(#2550,#2551,#2552,#2553));
#2550 = ORIENTED_EDGE('',*,*,#2441,.F.);
#2551 = ORIENTED_EDGE('',*,*,#2502,.T.);
#2552 = ORIENTED_EDGE('',*,*,#2481,.T.);
#2553 = ORIENTED_EDGE('',*,*,#2524,.F.);
#2554 = PLANE('',#2555);
#2555 = AXIS2_PLACEMENT_3D('',#2556,#2557,#2558);
#2556 = CARTESIAN_POINT('',(19.05,914.4,1.025525E+03));
#2557 = DIRECTION('',(0.,0.,1.));
#2558 = DIRECTION('',(1.,0.,0.));
#2559 = MANIFOLD_SOLID_BREP('',#2560);
#2560 = CLOSED_SHELL('',(#2561,#2601,#2641,#2663,#2685,#2697));
#2561 = ADVANCED_FACE('',(#2562),#2596,.F.);
#2562 = FACE_BOUND('',#2563,.F.);
#2563 = EDGE_LOOP('',(#2564,#2574,#2582,#2590));
#2564 = ORIENTED_EDGE('',*,*,#2565,.F.);
#2565 = EDGE_CURVE('',#2566,#2568,#2570,.T.);
#2566 = VERTEX_POINT('',#2567);
#2567 = CARTESIAN_POINT('',(19.05,1.5621E+03,161.925));
#2568 = VERTEX_POINT('',#2569);
#2569 = CARTESIAN_POINT('',(19.05,1.5621E+03,1.025525E+03));
#2570 = LINE('',#2571,#2572);
#2571 = CARTESIAN_POINT('',(19.05,1.5621E+03,161.925));
#2572 = VECTOR('',#2573,1.);
#2573 = DIRECTION('',(0.,0.,1.));
#2574 = ORIENTED_EDGE('',*,*,#2575,.T.);
#2575 = EDGE_CURVE('',#2566,#2576,#2578,.T.);
#2576 = VERTEX_POINT('',#2577);
#2577 = CARTESIAN_POINT('',(19.05,1.6002E+03,161.925));
#2578 = LINE('',#2579,#2580);
#2579 = CARTESIAN_POINT('',(19.05,1.5621E+03,161.925));
#2580 = VECTOR('',#2581,1.);
#2581 = DIRECTION('',(0.,1.,0.));
#2582 = ORIENTED_EDGE('',*,*,#2583,.T.);
#2583 = EDGE_CURVE('',#2576,#2584,#2586,.T.);
#2584 = VERTEX_POINT('',#2585);
#2585 = CARTESIAN_POINT('',(19.05,1.6002E+03,1.025525E+03));
#2586 = LINE('',#2587,#2588);
#2587 = CARTESIAN_POINT('',(19.05,1.6002E+03,161.925));
#2588 = VECTOR('',#2589,1.);
#2589 = DIRECTION('',(0.,0.,1.));
#2590 = ORIENTED_EDGE('',*,*,#2591,.F.);
#2591 = EDGE_CURVE('',#2568,#2584,#2592,.T.);
#2592 = LINE('',#2593,#2594);
#2593 = CARTESIAN_POINT('',(19.05,1.5621E+03,1.025525E+03));
#2594 = VECTOR('',#2595,1.);
#2595 = DIRECTION('',(0.,1.,0.));
#2596 = PLANE('',#2597);
#2597 = AXIS2_PLACEMENT_3D('',#2598,#2599,#2600);
#2598 = CARTESIAN_POINT('',(19.05,1.5621E+03,161.925));
#2599 = DIRECTION('',(1.,0.,0.));
#2600 = DIRECTION('',(0.,0.,1.));
#2601 = ADVANCED_FACE('',(#2602),#2636,.T.);
#2602 = FACE_BOUND('',#2603,.T.);
#2603 = EDGE_LOOP('',(#2604,#2614,#2622,#2630));
#2604 = ORIENTED_EDGE('',*,*,#2605,.F.);
#2605 = EDGE_CURVE('',#2606,#2608,#2610,.T.);
#2606 = VERTEX_POINT('',#2607);
#2607 = CARTESIAN_POINT('',(57.15,1.5621E+03,161.925));
#2608 = VERTEX_POINT('',#2609);
#2609 = CARTESIAN_POINT('',(57.15,1.5621E+03,1.025525E+03));
#2610 = LINE('',#2611,#2612);
#2611 = CARTESIAN_POINT('',(57.15,1.5621E+03,161.925));
#2612 = VECTOR('',#2613,1.);
#2613 = DIRECTION('',(0.,0.,1.));
#2614 = ORIENTED_EDGE('',*,*,#2615,.T.);
#2615 = EDGE_CURVE('',#2606,#2616,#2618,.T.);
#2616 = VERTEX_POINT('',#2617);
#2617 = CARTESIAN_POINT('',(57.15,1.6002E+03,161.925));
#2618 = LINE('',#2619,#2620);
#2619 = CARTESIAN_POINT('',(57.15,1.5621E+03,161.925));
#2620 = VECTOR('',#2621,1.);
#2621 = DIRECTION('',(0.,1.,0.));
#2622 = ORIENTED_EDGE('',*,*,#2623,.T.);
#2623 = EDGE_CURVE('',#2616,#2624,#2626,.T.);
#2624 = VERTEX_POINT('',#2625);
#2625 = CARTESIAN_POINT('',(57.15,1.6002E+03,1.025525E+03));
#2626 = LINE('',#2627,#2628);
#2627 = CARTESIAN_POINT('',(57.15,1.6002E+03,161.925));
#2628 = VECTOR('',#2629,1.);
#2629 = DIRECTION('',(0.,0.,1.));
#2630 = ORIENTED_EDGE('',*,*,#2631,.F.);
#2631 = EDGE_CURVE('',#2608,#2624,#2632,.T.);
#2632 = LINE('',#2633,#2634);
#2633 = CARTESIAN_POINT('',(57.15,1.5621E+03,1.025525E+03));
#2634 = VECTOR('',#2635,1.);
#2635 = DIRECTION('',(0.,1.,0.));
#2636 = PLANE('',#2637);
#2637 = AXIS2_PLACEMENT_3D('',#2638,#2639,#2640);
#2638 = CARTESIAN_POINT('',(57.15,1.5621E+03,161.925));
#2639 = DIRECTION('',(1.,0.,0.));
#2640 = DIRECTION('',(0.,0.,1.));
#2641 = ADVANCED_FACE('',(#2642),#2658,.F.);
#2642 = FACE_BOUND('',#2643,.F.);
#2643 = EDGE_LOOP('',(#2644,#2650,#2651,#2657));
#2644 = ORIENTED_EDGE('',*,*,#2645,.F.);
#2645 = EDGE_CURVE('',#2566,#2606,#2646,.T.);
#2646 = LINE('',#2647,#2648);
#2647 = CARTESIAN_POINT('',(19.05,1.5621E+03,161.925));
#2648 = VECTOR('',#2649,1.);
#2649 = DIRECTION('',(1.,0.,0.));
#2650 = ORIENTED_EDGE('',*,*,#2565,.T.);
#2651 = ORIENTED_EDGE('',*,*,#2652,.T.);
#2652 = EDGE_CURVE('',#2568,#2608,#2653,.T.);
#2653 = LINE('',#2654,#2655);
#2654 = CARTESIAN_POINT('',(19.05,1.5621E+03,1.025525E+03));
#2655 = VECTOR('',#2656,1.);
#2656 = DIRECTION('',(1.,0.,0.));
#2657 = ORIENTED_EDGE('',*,*,#2605,.F.);
#2658 = PLANE('',#2659);
#2659 = AXIS2_PLACEMENT_3D('',#2660,#2661,#2662);
#2660 = CARTESIAN_POINT('',(19.05,1.5621E+03,161.925));
#2661 = DIRECTION('',(0.,1.,0.));
#2662 = DIRECTION('',(0.,0.,1.));
#2663 = ADVANCED_FACE('',(#2664),#2680,.T.);
#2664 = FACE_BOUND('',#2665,.T.);
#2665 = EDGE_LOOP('',(#2666,#2672,#2673,#2679));
#2666 = ORIENTED_EDGE('',*,*,#2667,.F.);
#2667 = EDGE_CURVE('',#2576,#2616,#2668,.T.);
#2668 = LINE('',#2669,#2670);
#2669 = CARTESIAN_POINT('',(19.05,1.6002E+03,161.925));
#2670 = VECTOR('',#2671,1.);
#2671 = DIRECTION('',(1.,0.,0.));
#2672 = ORIENTED_EDGE('',*,*,#2583,.T.);
#2673 = ORIENTED_EDGE('',*,*,#2674,.T.);
#2674 = EDGE_CURVE('',#2584,#2624,#2675,.T.);
#2675 = LINE('',#2676,#2677);
#2676 = CARTESIAN_POINT('',(19.05,1.6002E+03,1.025525E+03));
#2677 = VECTOR('',#2678,1.);
#2678 = DIRECTION('',(1.,0.,0.));
#2679 = ORIENTED_EDGE('',*,*,#2623,.F.);
#2680 = PLANE('',#2681);
#2681 = AXIS2_PLACEMENT_3D('',#2682,#2683,#2684);
#2682 = CARTESIAN_POINT('',(19.05,1.6002E+03,161.925));
#2683 = DIRECTION('',(0.,1.,0.));
#2684 = DIRECTION('',(0.,0.,1.));
#2685 = ADVANCED_FACE('',(#2686),#2692,.F.);
#2686 = FACE_BOUND('',#2687,.F.);
#2687 = EDGE_LOOP('',(#2688,#2689,#2690,#2691));
#2688 = ORIENTED_EDGE('',*,*,#2575,.F.);
#2689 = ORIENTED_EDGE('',*,*,#2645,.T.);
#2690 = ORIENTED_EDGE('',*,*,#2615,.T.);
#2691 = ORIENTED_EDGE('',*,*,#2667,.F.);
#2692 = PLANE('',#2693);
#2693 = AXIS2_PLACEMENT_3D('',#2694,#2695,#2696);
#2694 = CARTESIAN_POINT('',(19.05,1.5621E+03,161.925));
#2695 = DIRECTION('',(0.,0.,1.));
#2696 = DIRECTION('',(1.,0.,0.));
#2697 = ADVANCED_FACE('',(#2698),#2704,.T.);
#2698 = FACE_BOUND('',#2699,.T.);
#2699 = EDGE_LOOP('',(#2700,#2701,#2702,#2703));
#2700 = ORIENTED_EDGE('',*,*,#2591,.F.);
#2701 = ORIENTED_EDGE('',*,*,#2652,.T.);
#2702 = ORIENTED_EDGE('',*,*,#2631,.T.);
#2703 = ORIENTED_EDGE('',*,*,#2674,.F.);
#2704 = PLANE('',#2705);
#2705 = AXIS2_PLACEMENT_3D('',#2706,#2707,#2708);
#2706 = CARTESIAN_POINT('',(19.05,1.5621E+03,1.025525E+03));
#2707 = DIRECTION('',(0.,0.,1.));
#2708 = DIRECTION('',(1.,0.,0.));
#2709 = MANIFOLD_SOLID_BREP('',#2710);
#2710 = CLOSED_SHELL('',(#2711,#2751,#2791,#2813,#2835,#2847));
#2711 = ADVANCED_FACE('',(#2712),#2746,.F.);
#2712 = FACE_BOUND('',#2713,.F.);
#2713 = EDGE_LOOP('',(#2714,#2724,#2732,#2740));
#2714 = ORIENTED_EDGE('',*,*,#2715,.F.);
#2715 = EDGE_CURVE('',#2716,#2718,#2720,.T.);
#2716 = VERTEX_POINT('',#2717);
#2717 = CARTESIAN_POINT('',(19.05,1.84785E+03,161.925));
#2718 = VERTEX_POINT('',#2719);
#2719 = CARTESIAN_POINT('',(19.05,1.84785E+03,1.025525E+03));
#2720 = LINE('',#2721,#2722);
#2721 = CARTESIAN_POINT('',(19.05,1.84785E+03,161.925));
#2722 = VECTOR('',#2723,1.);
#2723 = DIRECTION('',(0.,0.,1.));
#2724 = ORIENTED_EDGE('',*,*,#2725,.T.);
#2725 = EDGE_CURVE('',#2716,#2726,#2728,.T.);
#2726 = VERTEX_POINT('',#2727);
#2727 = CARTESIAN_POINT('',(19.05,1.88595E+03,161.925));
#2728 = LINE('',#2729,#2730);
#2729 = CARTESIAN_POINT('',(19.05,1.84785E+03,161.925));
#2730 = VECTOR('',#2731,1.);
#2731 = DIRECTION('',(0.,1.,0.));
#2732 = ORIENTED_EDGE('',*,*,#2733,.T.);
#2733 = EDGE_CURVE('',#2726,#2734,#2736,.T.);
#2734 = VERTEX_POINT('',#2735);
#2735 = CARTESIAN_POINT('',(19.05,1.88595E+03,1.025525E+03));
#2736 = LINE('',#2737,#2738);
#2737 = CARTESIAN_POINT('',(19.05,1.88595E+03,161.925));
#2738 = VECTOR('',#2739,1.);
#2739 = DIRECTION('',(0.,0.,1.));
#2740 = ORIENTED_EDGE('',*,*,#2741,.F.);
#2741 = EDGE_CURVE('',#2718,#2734,#2742,.T.);
#2742 = LINE('',#2743,#2744);
#2743 = CARTESIAN_POINT('',(19.05,1.84785E+03,1.025525E+03));
#2744 = VECTOR('',#2745,1.);
#2745 = DIRECTION('',(0.,1.,0.));
#2746 = PLANE('',#2747);
#2747 = AXIS2_PLACEMENT_3D('',#2748,#2749,#2750);
#2748 = CARTESIAN_POINT('',(19.05,1.84785E+03,161.925));
#2749 = DIRECTION('',(1.,0.,0.));
#2750 = DIRECTION('',(0.,0.,1.));
#2751 = ADVANCED_FACE('',(#2752),#2786,.T.);
#2752 = FACE_BOUND('',#2753,.T.);
#2753 = EDGE_LOOP('',(#2754,#2764,#2772,#2780));
#2754 = ORIENTED_EDGE('',*,*,#2755,.F.);
#2755 = EDGE_CURVE('',#2756,#2758,#2760,.T.);
#2756 = VERTEX_POINT('',#2757);
#2757 = CARTESIAN_POINT('',(57.15,1.84785E+03,161.925));
#2758 = VERTEX_POINT('',#2759);
#2759 = CARTESIAN_POINT('',(57.15,1.84785E+03,1.025525E+03));
#2760 = LINE('',#2761,#2762);
#2761 = CARTESIAN_POINT('',(57.15,1.84785E+03,161.925));
#2762 = VECTOR('',#2763,1.);
#2763 = DIRECTION('',(0.,0.,1.));
#2764 = ORIENTED_EDGE('',*,*,#2765,.T.);
#2765 = EDGE_CURVE('',#2756,#2766,#2768,.T.);
#2766 = VERTEX_POINT('',#2767);
#2767 = CARTESIAN_POINT('',(57.15,1.88595E+03,161.925));
#2768 = LINE('',#2769,#2770);
#2769 = CARTESIAN_POINT('',(57.15,1.84785E+03,161.925));
#2770 = VECTOR('',#2771,1.);
#2771 = DIRECTION('',(0.,1.,0.));
#2772 = ORIENTED_EDGE('',*,*,#2773,.T.);
#2773 = EDGE_CURVE('',#2766,#2774,#2776,.T.);
#2774 = VERTEX_POINT('',#2775);
#2775 = CARTESIAN_POINT('',(57.15,1.88595E+03,1.025525E+03));
#2776 = LINE('',#2777,#2778);
#2777 = CARTESIAN_POINT('',(57.15,1.88595E+03,161.925));
#2778 = VECTOR('',#2779,1.);
#2779 = DIRECTION('',(0.,0.,1.));
#2780 = ORIENTED_EDGE('',*,*,#2781,.F.);
#2781 = EDGE_CURVE('',#2758,#2774,#2782,.T.);
#2782 = LINE('',#2783,#2784);
#2783 = CARTESIAN_POINT('',(57.15,1.84785E+03,1.025525E+03));
#2784 = VECTOR('',#2785,1.);
#2785 = DIRECTION('',(0.,1.,0.));
#2786 = PLANE('',#2787);
#2787 = AXIS2_PLACEMENT_3D('',#2788,#2789,#2790);
#2788 = CARTESIAN_POINT('',(57.15,1.84785E+03,161.925));
#2789 = DIRECTION('',(1.,0.,0.));
#2790 = DIRECTION('',(0.,0.,1.));
#2791 = ADVANCED_FACE('',(#2792),#2808,.F.);
#2792 = FACE_BOUND('',#2793,.F.);
#2793 = EDGE_LOOP('',(#2794,#2800,#2801,#2807));
#2794 = ORIENTED_EDGE('',*,*,#2795,.F.);
#2795 = EDGE_CURVE('',#2716,#2756,#2796,.T.);
#2796 = LINE('',#2797,#2798);
#2797 = CARTESIAN_POINT('',(19.05,1.84785E+03,161.925));
#2798 = VECTOR('',#2799,1.);
#2799 = DIRECTION('',(1.,0.,0.));
#2800 = ORIENTED_EDGE('',*,*,#2715,.T.);
#2801 = ORIENTED_EDGE('',*,*,#2802,.T.);
#2802 = EDGE_CURVE('',#2718,#2758,#2803,.T.);
#2803 = LINE('',#2804,#2805);
#2804 = CARTESIAN_POINT('',(19.05,1.84785E+03,1.025525E+03));
#2805 = VECTOR('',#2806,1.);
#2806 = DIRECTION('',(1.,0.,0.));
#2807 = ORIENTED_EDGE('',*,*,#2755,.F.);
#2808 = PLANE('',#2809);
#2809 = AXIS2_PLACEMENT_3D('',#2810,#2811,#2812);
#2810 = CARTESIAN_POINT('',(19.05,1.84785E+03,161.925));
#2811 = DIRECTION('',(0.,1.,0.));
#2812 = DIRECTION('',(0.,0.,1.));
#2813 = ADVANCED_FACE('',(#2814),#2830,.T.);
#2814 = FACE_BOUND('',#2815,.T.);
#2815 = EDGE_LOOP('',(#2816,#2822,#2823,#2829));
#2816 = ORIENTED_EDGE('',*,*,#2817,.F.);
#2817 = EDGE_CURVE('',#2726,#2766,#2818,.T.);
#2818 = LINE('',#2819,#2820);
#2819 = CARTESIAN_POINT('',(19.05,1.88595E+03,161.925));
#2820 = VECTOR('',#2821,1.);
#2821 = DIRECTION('',(1.,0.,0.));
#2822 = ORIENTED_EDGE('',*,*,#2733,.T.);
#2823 = ORIENTED_EDGE('',*,*,#2824,.T.);
#2824 = EDGE_CURVE('',#2734,#2774,#2825,.T.);
#2825 = LINE('',#2826,#2827);
#2826 = CARTESIAN_POINT('',(19.05,1.88595E+03,1.025525E+03));
#2827 = VECTOR('',#2828,1.);
#2828 = DIRECTION('',(1.,0.,0.));
#2829 = ORIENTED_EDGE('',*,*,#2773,.F.);
#2830 = PLANE('',#2831);
#2831 = AXIS2_PLACEMENT_3D('',#2832,#2833,#2834);
#2832 = CARTESIAN_POINT('',(19.05,1.88595E+03,161.925));
#2833 = DIRECTION('',(0.,1.,0.));
#2834 = DIRECTION('',(0.,0.,1.));
#2835 = ADVANCED_FACE('',(#2836),#2842,.F.);
#2836 = FACE_BOUND('',#2837,.F.);
#2837 = EDGE_LOOP('',(#2838,#2839,#2840,#2841));
#2838 = ORIENTED_EDGE('',*,*,#2725,.F.);
#2839 = ORIENTED_EDGE('',*,*,#2795,.T.);
#2840 = ORIENTED_EDGE('',*,*,#2765,.T.);
#2841 = ORIENTED_EDGE('',*,*,#2817,.F.);
#2842 = PLANE('',#2843);
#2843 = AXIS2_PLACEMENT_3D('',#2844,#2845,#2846);
#2844 = CARTESIAN_POINT('',(19.05,1.84785E+03,161.925));
#2845 = DIRECTION('',(0.,0.,1.));
#2846 = DIRECTION('',(1.,0.,0.));
#2847 = ADVANCED_FACE('',(#2848),#2854,.T.);
#2848 = FACE_BOUND('',#2849,.T.);
#2849 = EDGE_LOOP('',(#2850,#2851,#2852,#2853));
#2850 = ORIENTED_EDGE('',*,*,#2741,.F.);
#2851 = ORIENTED_EDGE('',*,*,#2802,.T.);
#2852 = ORIENTED_EDGE('',*,*,#2781,.T.);
#2853 = ORIENTED_EDGE('',*,*,#2824,.F.);
#2854 = PLANE('',#2855);
#2855 = AXIS2_PLACEMENT_3D('',#2856,#2857,#2858);
#2856 = CARTESIAN_POINT('',(19.05,1.84785E+03,1.025525E+03));
#2857 = DIRECTION('',(0.,0.,1.));
#2858 = DIRECTION('',(1.,0.,0.));
#2859 = MANIFOLD_SOLID_BREP('',#2860);
#2860 = CLOSED_SHELL('',(#2861,#2901,#2941,#2963,#2985,#2997));
#2861 = ADVANCED_FACE('',(#2862),#2896,.F.);
#2862 = FACE_BOUND('',#2863,.F.);
#2863 = EDGE_LOOP('',(#2864,#2874,#2882,#2890));
#2864 = ORIENTED_EDGE('',*,*,#2865,.F.);
#2865 = EDGE_CURVE('',#2866,#2868,#2870,.T.);
#2866 = VERTEX_POINT('',#2867);
#2867 = CARTESIAN_POINT('',(19.05,2.1336E+03,161.925));
#2868 = VERTEX_POINT('',#2869);
#2869 = CARTESIAN_POINT('',(19.05,2.1336E+03,1.025525E+03));
#2870 = LINE('',#2871,#2872);
#2871 = CARTESIAN_POINT('',(19.05,2.1336E+03,161.925));
#2872 = VECTOR('',#2873,1.);
#2873 = DIRECTION('',(0.,0.,1.));
#2874 = ORIENTED_EDGE('',*,*,#2875,.T.);
#2875 = EDGE_CURVE('',#2866,#2876,#2878,.T.);
#2876 = VERTEX_POINT('',#2877);
#2877 = CARTESIAN_POINT('',(19.05,2.1717E+03,161.925));
#2878 = LINE('',#2879,#2880);
#2879 = CARTESIAN_POINT('',(19.05,2.1336E+03,161.925));
#2880 = VECTOR('',#2881,1.);
#2881 = DIRECTION('',(0.,1.,0.));
#2882 = ORIENTED_EDGE('',*,*,#2883,.T.);
#2883 = EDGE_CURVE('',#2876,#2884,#2886,.T.);
#2884 = VERTEX_POINT('',#2885);
#2885 = CARTESIAN_POINT('',(19.05,2.1717E+03,1.025525E+03));
#2886 = LINE('',#2887,#2888);
#2887 = CARTESIAN_POINT('',(19.05,2.1717E+03,161.925));
#2888 = VECTOR('',#2889,1.);
#2889 = DIRECTION('',(0.,0.,1.));
#2890 = ORIENTED_EDGE('',*,*,#2891,.F.);
#2891 = EDGE_CURVE('',#2868,#2884,#2892,.T.);
#2892 = LINE('',#2893,#2894);
#2893 = CARTESIAN_POINT('',(19.05,2.1336E+03,1.025525E+03));
#2894 = VECTOR('',#2895,1.);
#2895 = DIRECTION('',(0.,1.,0.));
#2896 = PLANE('',#2897);
#2897 = AXIS2_PLACEMENT_3D('',#2898,#2899,#2900);
#2898 = CARTESIAN_POINT('',(19.05,2.1336E+03,161.925));
#2899 = DIRECTION('',(1.,0.,0.));
#2900 = DIRECTION('',(0.,0.,1.));
#2901 = ADVANCED_FACE('',(#2902),#2936,.T.);
#2902 = FACE_BOUND('',#2903,.T.);
#2903 = EDGE_LOOP('',(#2904,#2914,#2922,#2930));
#2904 = ORIENTED_EDGE('',*,*,#2905,.F.);
#2905 = EDGE_CURVE('',#2906,#2908,#2910,.T.);
#2906 = VERTEX_POINT('',#2907);
#2907 = CARTESIAN_POINT('',(57.15,2.1336E+03,161.925));
#2908 = VERTEX_POINT('',#2909);
#2909 = CARTESIAN_POINT('',(57.15,2.1336E+03,1.025525E+03));
#2910 = LINE('',#2911,#2912);
#2911 = CARTESIAN_POINT('',(57.15,2.1336E+03,161.925));
#2912 = VECTOR('',#2913,1.);
#2913 = DIRECTION('',(0.,0.,1.));
#2914 = ORIENTED_EDGE('',*,*,#2915,.T.);
#2915 = EDGE_CURVE('',#2906,#2916,#2918,.T.);
#2916 = VERTEX_POINT('',#2917);
#2917 = CARTESIAN_POINT('',(57.15,2.1717E+03,161.925));
#2918 = LINE('',#2919,#2920);
#2919 = CARTESIAN_POINT('',(57.15,2.1336E+03,161.925));
#2920 = VECTOR('',#2921,1.);
#2921 = DIRECTION('',(0.,1.,0.));
#2922 = ORIENTED_EDGE('',*,*,#2923,.T.);
#2923 = EDGE_CURVE('',#2916,#2924,#2926,.T.);
#2924 = VERTEX_POINT('',#2925);
#2925 = CARTESIAN_POINT('',(57.15,2.1717E+03,1.025525E+03));
#2926 = LINE('',#2927,#2928);
#2927 = CARTESIAN_POINT('',(57.15,2.1717E+03,161.925));
#2928 = VECTOR('',#2929,1.);
#2929 = DIRECTION('',(0.,0.,1.));
#2930 = ORIENTED_EDGE('',*,*,#2931,.F.);
#2931 = EDGE_CURVE('',#2908,#2924,#2932,.T.);
#2932 = LINE('',#2933,#2934);
#2933 = CARTESIAN_POINT('',(57.15,2.1336E+03,1.025525E+03));
#2934 = VECTOR('',#2935,1.);
#2935 = DIRECTION('',(0.,1.,0.));
#2936 = PLANE('',#2937);
#2937 = AXIS2_PLACEMENT_3D('',#2938,#2939,#2940);
#2938 = CARTESIAN_POINT('',(57.15,2.1336E+03,161.925));
#2939 = DIRECTION('',(1.,0.,0.));
#2940 = DIRECTION('',(0.,0.,1.));
#2941 = ADVANCED_FACE('',(#2942),#2958,.F.);
#2942 = FACE_BOUND('',#2943,.F.);
#2943 = EDGE_LOOP('',(#2944,#2950,#2951,#2957));
#2944 = ORIENTED_EDGE('',*,*,#2945,.F.);
#2945 = EDGE_CURVE('',#2866,#2906,#2946,.T.);
#2946 = LINE('',#2947,#2948);
#2947 = CARTESIAN_POINT('',(19.05,2.1336E+03,161.925));
#2948 = VECTOR('',#2949,1.);
#2949 = DIRECTION('',(1.,0.,0.));
#2950 = ORIENTED_EDGE('',*,*,#2865,.T.);
#2951 = ORIENTED_EDGE('',*,*,#2952,.T.);
#2952 = EDGE_CURVE('',#2868,#2908,#2953,.T.);
#2953 = LINE('',#2954,#2955);
#2954 = CARTESIAN_POINT('',(19.05,2.1336E+03,1.025525E+03));
#2955 = VECTOR('',#2956,1.);
#2956 = DIRECTION('',(1.,0.,0.));
#2957 = ORIENTED_EDGE('',*,*,#2905,.F.);
#2958 = PLANE('',#2959);
#2959 = AXIS2_PLACEMENT_3D('',#2960,#2961,#2962);
#2960 = CARTESIAN_POINT('',(19.05,2.1336E+03,161.925));
#2961 = DIRECTION('',(0.,1.,0.));
#2962 = DIRECTION('',(0.,0.,1.));
#2963 = ADVANCED_FACE('',(#2964),#2980,.T.);
#2964 = FACE_BOUND('',#2965,.T.);
#2965 = EDGE_LOOP('',(#2966,#2972,#2973,#2979));
#2966 = ORIENTED_EDGE('',*,*,#2967,.F.);
#2967 = EDGE_CURVE('',#2876,#2916,#2968,.T.);
#2968 = LINE('',#2969,#2970);
#2969 = CARTESIAN_POINT('',(19.05,2.1717E+03,161.925));
#2970 = VECTOR('',#2971,1.);
#2971 = DIRECTION('',(1.,0.,0.));
#2972 = ORIENTED_EDGE('',*,*,#2883,.T.);
#2973 = ORIENTED_EDGE('',*,*,#2974,.T.);
#2974 = EDGE_CURVE('',#2884,#2924,#2975,.T.);
#2975 = LINE('',#2976,#2977);
#2976 = CARTESIAN_POINT('',(19.05,2.1717E+03,1.025525E+03));
#2977 = VECTOR('',#2978,1.);
#2978 = DIRECTION('',(1.,0.,0.));
#2979 = ORIENTED_EDGE('',*,*,#2923,.F.);
#2980 = PLANE('',#2981);
#2981 = AXIS2_PLACEMENT_3D('',#2982,#2983,#2984);
#2982 = CARTESIAN_POINT('',(19.05,2.1717E+03,161.925));
#2983 = DIRECTION('',(0.,1.,0.));
#2984 = DIRECTION('',(0.,0.,1.));
#2985 = ADVANCED_FACE('',(#2986),#2992,.F.);
#2986 = FACE_BOUND('',#2987,.F.);
#2987 = EDGE_LOOP('',(#2988,#2989,#2990,#2991));
#2988 = ORIENTED_EDGE('',*,*,#2875,.F.);
#2989 = ORIENTED_EDGE('',*,*,#2945,.T.);
#2990 = ORIENTED_EDGE('',*,*,#2915,.T.);
#2991 = ORIENTED_EDGE('',*,*,#2967,.F.);
#2992 = PLANE('',#2993);
#2993 = AXIS2_PLACEMENT_3D('',#2994,#2995,#2996);
#2994 = CARTESIAN_POINT('',(19.05,2.1336E+03,161.925));
#2995 = DIRECTION('',(0.,0.,1.));
#2996 = DIRECTION('',(1.,0.,0.));
#2997 = ADVANCED_FACE('',(#2998),#3004,.T.);
#2998 = FACE_BOUND('',#2999,.T.);
#2999 = EDGE_LOOP('',(#3000,#3001,#3002,#3003));
#3000 = ORIENTED_EDGE('',*,*,#2891,.F.);
#3001 = ORIENTED_EDGE('',*,*,#2952,.T.);
#3002 = ORIENTED_EDGE('',*,*,#2931,.T.);
#3003 = ORIENTED_EDGE('',*,*,#2974,.F.);
#3004 = PLANE('',#3005);
#3005 = AXIS2_PLACEMENT_3D('',#3006,#3007,#3008);
#3006 = CARTESIAN_POINT('',(19.05,2.1336E+03,1.025525E+03));
#3007 = DIRECTION('',(0.,0.,1.));
#3008 = DIRECTION('',(1.,0.,0.));
#3009 = ( GEOMETRIC_REPRESENTATION_CONTEXT(3) 
GLOBAL_UNCERTAINTY_ASSIGNED_CONTEXT((#3013)) 
GLOBAL_UNIT_ASSIGNED_CONTEXT((#3010,#3011,#3012)) REPRESENTATION_CONTEXT
('Context #1','3D Context with UNIT and UNCERTAINTY') );
#3010 = ( LENGTH_UNIT() NAMED_UNIT(*) SI_UNIT(.MILLI.,.METRE.) );
#3011 = ( NAMED_UNIT(*) PLANE_ANGLE_UNIT() SI_UNIT($,.RADIAN.) );
#3012 = ( NAMED_UNIT(*) SI_UNIT($,.STERADIAN.) SOLID_ANGLE_UNIT() );
#3013 = UNCERTAINTY_MEASURE_WITH_UNIT(LENGTH_MEASURE(1.E-07),#3010,
  'distance_accuracy_value','confusion accuracy');
#3014 = PRODUCT_RELATED_PRODUCT_CATEGORY('part',$,(#7));
ENDSEC;
END-ISO-10303-21;
